-- phpMyAdmin SQL Dump
-- version 5.2.0
-- https://www.phpmyadmin.net/
--
-- Host: localhost:3306
-- Generation Time: Mar 04, 2026 at 03:19 AM
-- Server version: 8.0.30
-- PHP Version: 8.1.10

SET SQL_MODE = "NO_AUTO_VALUE_ON_ZERO";
START TRANSACTION;
SET time_zone = "+00:00";


/*!40101 SET @OLD_CHARACTER_SET_CLIENT=@@CHARACTER_SET_CLIENT */;
/*!40101 SET @OLD_CHARACTER_SET_RESULTS=@@CHARACTER_SET_RESULTS */;
/*!40101 SET @OLD_COLLATION_CONNECTION=@@COLLATION_CONNECTION */;
/*!40101 SET NAMES utf8mb4 */;

--
-- Database: `wms_kbr`
--

-- --------------------------------------------------------

--
-- Table structure for table `activity_logs`
--

CREATE TABLE `activity_logs` (
  `id` int NOT NULL,
  `user_id` int DEFAULT NULL,
  `module` varchar(100) COLLATE utf8mb4_general_ci DEFAULT NULL,
  `action` varchar(100) COLLATE utf8mb4_general_ci DEFAULT NULL,
  `description` text COLLATE utf8mb4_general_ci,
  `created_at` timestamp NOT NULL DEFAULT CURRENT_TIMESTAMP
) ENGINE=InnoDB DEFAULT CHARSET=utf8mb4 COLLATE=utf8mb4_general_ci;

--
-- Dumping data for table `activity_logs`
--

INSERT INTO `activity_logs` (`id`, `user_id`, `module`, `action`, `description`, `created_at`) VALUES
(1, 3, 'Opening Stock', 'IMPORT', 'Import Opening Batch OPEN/20260302020110', '2026-03-02 02:01:10'),
(2, 3, 'Opening Stock', 'IMPORT', 'Import Opening Batch OPEN/20260302020614', '2026-03-02 02:06:14'),
(3, 3, 'Opening Stock', 'IMPORT', 'Import Opening Batch OPEN/20260302020908', '2026-03-02 02:09:08'),
(4, 6, 'Authentication', 'LOGIN', 'User  login', '2026-03-02 02:20:43'),
(5, 3, 'Authentication', 'LOGOUT', 'User Wahyu logout dari sistem', '2026-03-02 02:36:19'),
(6, 3, 'Authentication', 'LOGIN', 'User Wahyu login', '2026-03-02 02:36:25'),
(7, 3, 'Delivery Order', 'CREATE', 'Buat DO DO/20260302024251', '2026-03-02 02:42:51'),
(8, 3, 'Delivery Order', 'CREATE', 'Buat DO DO/20260302024535', '2026-03-02 02:45:35'),
(9, 3, 'Delivery Order', 'CREATE', 'Buat DO DO/20260302024720', '2026-03-02 02:47:20'),
(10, 3, 'Customer', 'UPDATE', 'Update customer 15A12000', '2026-03-02 03:01:33'),
(11, 3, 'Customer', 'UPDATE', 'Update customer 15A12003', '2026-03-02 03:04:31'),
(12, 3, 'Customer', 'UPDATE', 'Update customer 15A12002', '2026-03-02 03:04:42'),
(13, 3, 'Delivery Order', 'CREATE', 'Buat DO DO/20260302030508', '2026-03-02 03:05:08'),
(14, 3, 'Delivery Order', 'CREATE', 'Buat DO DO/20260302030534', '2026-03-02 03:05:34'),
(15, 3, 'Delivery Order', 'CREATE', 'Buat DO DO/20260302030557', '2026-03-02 03:05:57'),
(16, 3, 'Manifest', 'CREATE', 'Tambah manifest KRW-260227-308-CB', '2026-03-02 03:34:06'),
(17, 3, 'Manifest', 'CREATE', 'Tambah manifest KRW-260227-308-DS', '2026-03-02 03:34:25'),
(18, 3, 'Manifest', 'CREATE', 'Tambah manifest KRW-260227-213', '2026-03-02 03:34:52'),
(19, 3, 'Manifest', 'CREATE', 'Tambah manifest KRW-260227-047-CB', '2026-03-02 03:35:18'),
(20, 3, 'Manifest', 'CREATE', 'Tambah manifest KRW-260227-047-DS', '2026-03-02 03:35:31'),
(21, 6, 'Goods Receipt', 'CREATE', 'Buat GR GR/20260302034311', '2026-03-02 03:43:11'),
(22, 6, 'Item', 'CREATE', 'Tambah item AC INDOOR', '2026-03-02 03:45:39'),
(23, 6, 'Item', 'CREATE', 'Tambah item AIR CONDITIONER', '2026-03-02 03:46:11'),
(24, 6, 'Manifest', 'CREATE', 'Tambah manifest KRW-260227-308-CB1', '2026-03-02 03:49:30'),
(25, 6, 'Item', 'CREATE', 'Tambah item AH-AP5BMY2', '2026-03-02 04:01:02'),
(26, 6, 'Item', 'CREATE', 'Tambah item AU-A5BMY', '2026-03-02 04:02:39'),
(27, 6, 'Item', 'CREATE', 'Tambah item 4T-65HJ6000I', '2026-03-02 04:06:19'),
(28, 6, 'Goods Receipt', 'CREATE', 'Buat GR GR/20260302040811', '2026-03-02 04:08:11'),
(29, 6, 'Goods Receipt', 'VOID', 'Void GR GR/20260302040811', '2026-03-02 04:08:21'),
(30, 6, 'Item', 'CREATE', 'Tambah item ES-M1008T-SAK', '2026-03-02 04:12:27'),
(31, 3, 'Authentication', 'LOGOUT', 'User Wahyu logout dari sistem', '2026-03-02 05:11:05'),
(32, 3, 'Authentication', 'LOGIN', 'User Wahyu login', '2026-03-02 05:11:13'),
(33, 3, 'Delivery Order', 'CREATE', 'Buat DO DO/20260302070729', '2026-03-02 07:07:29'),
(34, 3, 'Delivery Order', 'VOID', 'Void DO DO/20260302070729', '2026-03-02 07:08:52'),
(35, 3, 'Delivery Order', 'CREATE', 'Buat DO DO/20260302071110', '2026-03-02 07:11:10'),
(36, 3, 'Delivery Order', 'CREATE', 'Buat DO DO/2026030247', '2026-03-02 07:47:58'),
(37, 3, 'Delivery Order', 'CREATE', 'Buat DO DO/202603025011', '2026-03-02 07:50:11'),
(38, 3, 'Authentication', 'LOGIN', 'User Wahyu login', '2026-03-02 08:30:59'),
(39, 3, 'Delivery Order', 'CREATE', 'Buat DO DO/202603023412', '2026-03-02 08:34:12'),
(40, 3, 'Delivery Order', 'CREATE', 'Buat DO DO/202603022836', '2026-03-02 09:28:36'),
(41, 3, 'Delivery Order', 'CREATE', 'Buat DO DO/202603023319', '2026-03-02 09:33:19'),
(42, 3, 'Delivery Order', 'CREATE', 'Buat DO DO/202603023403', '2026-03-02 09:34:03'),
(43, 3, 'Delivery Order', 'CREATE', 'Buat DO DO/202603023530', '2026-03-02 09:35:30'),
(44, 3, 'Manifest', 'CREATE', 'Tambah manifest JKT-260225-025-DS', '2026-03-02 09:48:50'),
(45, 3, 'Item', 'CREATE', 'Tambah item FP-F40Y-T', '2026-03-02 09:50:15'),
(46, 3, 'Item', 'CREATE', 'Tambah item FP-J40Y-W', '2026-03-02 09:51:07'),
(47, 6, 'Goods Receipt', 'VOID', 'Void GR GR/20260302034311', '2026-03-02 09:56:53'),
(48, 6, 'Goods Receipt', 'CREATE', 'Buat GR GR/202603025905', '2026-03-02 09:59:05'),
(49, 6, 'Manifest', 'CREATE', 'Tambah manifest KRW-260227-047 (CB)', '2026-03-02 10:00:24'),
(50, 6, 'Manifest', 'CREATE', 'Tambah manifest KRW-260227-160 (CB)', '2026-03-02 10:01:24'),
(51, 3, 'Item', 'CREATE', 'Tambah item R-220MA-WH', '2026-03-02 10:03:05'),
(52, 3, 'Goods Receipt', 'CREATE', 'Buat GR GR/202603020710', '2026-03-02 10:07:10'),
(53, 6, 'Goods Receipt', 'CREATE', 'Buat GR GR/202603020733', '2026-03-02 10:07:33'),
(54, 6, 'Manifest', 'CREATE', 'Tambah manifest KRW-260227-213 (CB)', '2026-03-02 10:08:03'),
(55, 6, 'Goods Receipt', 'CREATE', 'Buat GR GR/202603021008', '2026-03-02 10:10:08'),
(56, 6, 'Manifest', 'CREATE', 'Tambah manifest JKT-260225-025 (CB)', '2026-03-02 10:21:45'),
(57, 3, 'Goods Receipt', 'CREATE', 'Buat GR GR/202603025344', '2026-03-02 10:53:44'),
(58, 3, 'Manifest', 'UPDATE', 'Update manifest KRW-260227-047-DS', '2026-03-02 10:54:15'),
(59, 3, 'Goods Receipt', 'CREATE', 'Buat GR GR/202603025615', '2026-03-02 10:56:15'),
(60, 3, 'Manifest', 'CREATE', 'Tambah manifest KRW-260227-160-DS', '2026-03-02 10:56:32'),
(61, 3, 'Manifest', 'CREATE', 'Tambah manifest KRW-260228-162', '2026-03-02 11:20:21'),
(62, 3, 'Manifest', 'UPDATE', 'Update manifest KRW-260228-162-DS', '2026-03-02 11:20:35'),
(63, 3, 'Item', 'CREATE', 'Tambah item EO-32BK', '2026-03-02 11:21:29'),
(64, 6, 'Goods Receipt', 'CREATE', 'Buat GR GR/202603024002', '2026-03-02 11:40:02'),
(65, 3, 'Authentication', 'LOGIN', 'User Wahyu login', '2026-03-03 02:15:09'),
(66, 3, 'Goods Receipt', 'CREATE', 'Buat GR GR/202603031840', '2026-03-03 02:18:40'),
(67, 6, 'Authentication', 'LOGIN', 'User Edo login', '2026-03-03 02:23:49'),
(68, 6, 'Manifest', 'CREATE', 'Tambah manifest KRW-260227-268 (CB)', '2026-03-03 02:25:12'),
(69, 3, 'Goods Receipt', 'CREATE', 'Buat GR GR/202603032535', '2026-03-03 02:25:35'),
(70, 3, 'Manifest', 'CREATE', 'Tambah manifest KRW-260227-213-DS', '2026-03-03 02:27:43'),
(71, 6, 'Goods Receipt', 'CREATE', 'Buat GR GR/202603032916', '2026-03-03 02:29:16'),
(72, 3, 'Goods Receipt', 'CREATE', 'Buat GR GR/202603032951', '2026-03-03 02:29:51'),
(73, 3, 'Manifest', 'CREATE', 'Tambah manifest KRW-260227-268-DS', '2026-03-03 02:31:10'),
(74, 3, 'Goods Receipt', 'CREATE', 'Buat GR GR/202603033300', '2026-03-03 02:33:00'),
(75, 3, 'Manifest', 'CREATE', 'Tambah manifest KRW-260227-359-DS', '2026-03-03 02:33:43'),
(76, 3, 'Goods Receipt', 'CREATE', 'Buat GR GR/202603033516', '2026-03-03 02:35:16'),
(77, 6, 'Goods Receipt', 'CREATE', 'Buat GR GR/202603033842', '2026-03-03 02:38:42'),
(78, 6, 'Manifest', 'CREATE', 'Tambah manifest KRW-260227-359 (CB)', '2026-03-03 02:40:00'),
(79, 3, 'Delivery Order', 'CREATE', 'Buat DO DO/202603034028', '2026-03-03 02:40:28'),
(80, 6, 'Manifest', 'CREATE', 'Tambah manifest KRW-260228-162 (CB)', '2026-03-03 02:40:31'),
(81, 6, 'Goods Receipt', 'CREATE', 'Buat GR GR/202603034207', '2026-03-03 02:42:07'),
(82, 3, 'Delivery Order', 'CREATE', 'Buat DO DO/202603034220', '2026-03-03 02:42:20'),
(83, 6, 'Goods Receipt', 'CREATE', 'Buat GR GR/202603034227', '2026-03-03 02:42:27'),
(84, 6, 'Goods Receipt', 'VOID', 'Void GR GR/202603034227', '2026-03-03 02:42:34'),
(85, 6, 'Manifest', 'CREATE', 'Tambah manifest KRW-260228-162(CB))', '2026-03-03 02:43:43'),
(86, 6, 'Goods Receipt', 'CREATE', 'Buat GR GR/202603034502', '2026-03-03 02:45:02'),
(87, 3, 'Delivery Order', 'CREATE', 'Buat DO DO/202603034727', '2026-03-03 02:47:27'),
(88, 3, 'Delivery Order', 'CREATE', 'Buat DO DO/202603035313', '2026-03-03 02:53:13'),
(89, 3, 'Delivery Order', 'VOID', 'Void DO DO/202603022836', '2026-03-03 03:03:51'),
(90, 3, 'Delivery Order', 'CREATE', 'Buat DO DO/202603031128', '2026-03-03 03:11:28'),
(91, 3, 'Delivery Order', 'CREATE', 'Buat DO DO/202603031639', '2026-03-03 03:16:39'),
(92, 3, 'Delivery Order', 'CREATE', 'Buat DO DO/202603035926', '2026-03-03 03:59:26'),
(93, 3, 'Delivery Order', 'CREATE', 'Buat DO DO/202603030043', '2026-03-03 04:00:43'),
(94, 3, 'Delivery Order', 'CREATE', 'Buat DO DO/202603030326', '2026-03-03 04:03:26'),
(95, 3, 'Delivery Order', 'CREATE', 'Buat DO DO/202603030454', '2026-03-03 04:04:54'),
(96, 3, 'Delivery Order', 'CREATE', 'Buat DO DO/202603030511', '2026-03-03 04:05:11'),
(97, 3, 'Delivery Order', 'CREATE', 'Buat DO DO/202603030554', '2026-03-03 04:05:54'),
(98, 3, 'Delivery Order', 'CREATE', 'Buat DO DO/202603030914', '2026-03-03 04:09:14'),
(99, 3, 'Delivery Order', 'CREATE', 'Buat DO DO/202603031230', '2026-03-03 04:12:30'),
(100, 3, 'Delivery Order', 'CREATE', 'Buat DO DO/202603031352', '2026-03-03 04:13:52'),
(101, 3, 'Authentication', 'LOGIN', 'User Wahyu login', '2026-03-03 04:54:27'),
(102, 3, 'Delivery Order', 'VOID', 'Void DO DO/202603031352', '2026-03-03 04:54:46'),
(103, 3, 'Delivery Order', 'CREATE', 'Buat DO DO/202603035534', '2026-03-03 04:55:34'),
(104, 3, 'Delivery Order', 'CREATE', 'Buat DO DO/202603032209', '2026-03-03 06:22:09'),
(105, 3, 'Delivery Order', 'CREATE', 'Buat DO DO/202603032441', '2026-03-03 06:24:41'),
(106, 3, 'Delivery Order', 'CREATE', 'Buat DO DO/202603032621', '2026-03-03 06:26:21'),
(107, 3, 'Delivery Order', 'CREATE', 'Buat DO DO/202603032712', '2026-03-03 06:27:12'),
(108, 3, 'Delivery Order', 'CREATE', 'Buat DO DO/202603031127', '2026-03-03 07:11:27'),
(109, 3, 'Delivery Order', 'CREATE', 'Buat DO DO/202603031336', '2026-03-03 07:13:36'),
(110, 3, 'Delivery Order', 'CREATE', 'Buat DO DO/202603031446', '2026-03-03 07:14:46'),
(111, 3, 'Delivery Order', 'CREATE', 'Buat DO DO/202603031139', '2026-03-03 08:11:39'),
(112, 3, 'Delivery Order', 'CREATE', 'Buat DO DO/202603031428', '2026-03-03 08:14:28'),
(113, 3, 'Delivery Order', 'CREATE', 'Buat DO DO/202603034155', '2026-03-03 09:41:55'),
(114, 3, 'Delivery Order', 'CREATE', 'Buat DO DO/202603034302', '2026-03-03 09:43:02'),
(115, 3, 'Delivery Order', 'CREATE', 'Buat DO DO/202603035925', '2026-03-03 09:59:25'),
(116, 3, 'Delivery Order', 'CREATE', 'Buat DO DO/202603032339', '2026-03-03 10:23:39'),
(117, 3, 'Delivery Order', 'CREATE', 'Buat DO DO/202603033939', '2026-03-03 10:39:39'),
(118, 3, 'Delivery Order', 'CREATE', 'Buat DO DO/202603034527', '2026-03-03 10:45:27'),
(119, 3, 'Delivery Order', 'VOID', 'Void DO DO/202603033939', '2026-03-03 11:05:05'),
(120, 3, 'Authentication', 'LOGIN', 'User Wahyu login', '2026-03-04 02:00:30'),
(121, 3, 'Delivery Order', 'CREATE', 'Buat DO GR-20260304-0001', '2026-03-04 02:41:32'),
(122, 3, 'Delivery Order', 'VOID', 'Void DO GR-20260304-0001', '2026-03-04 02:43:09'),
(123, 3, 'Delivery Order', 'CREATE', 'Buat DO DO-20260304-0001', '2026-03-04 02:43:55');

-- --------------------------------------------------------

--
-- Table structure for table `customers`
--

CREATE TABLE `customers` (
  `id` int NOT NULL,
  `customer_code` varchar(50) COLLATE utf8mb4_general_ci DEFAULT NULL,
  `customer_name` varchar(150) COLLATE utf8mb4_general_ci DEFAULT NULL,
  `address` text COLLATE utf8mb4_general_ci,
  `phone` varchar(50) COLLATE utf8mb4_general_ci DEFAULT NULL,
  `is_active` tinyint(1) DEFAULT '1',
  `created_at` timestamp NOT NULL DEFAULT CURRENT_TIMESTAMP,
  `deleted_at` datetime DEFAULT NULL
) ENGINE=InnoDB DEFAULT CHARSET=utf8mb4 COLLATE=utf8mb4_general_ci;

--
-- Dumping data for table `customers`
--

INSERT INTO `customers` (`id`, `customer_code`, `customer_name`, `address`, `phone`, `is_active`, `created_at`, `deleted_at`) VALUES
(1, '15A22000', 'CV ALFA MEGA KARYA', 'PEKALONGAN', '1', 1, '2026-02-26 08:45:05', NULL),
(2, '15K12000', 'CV KENCANA ARTHA SEJAHTERA', 'PEKALONGAN', '1', 1, '2026-02-27 02:41:55', NULL),
(3, '15G07000', 'CV GAMA MANDIRI', 'PEKALONGAN', '1', 1, '2026-02-27 02:42:13', NULL),
(4, '15S19000', 'CV. SINAR SEJAHTERA', 'PEKALONGAN', '1', 1, '2026-02-27 02:43:47', NULL),
(5, '15A12000', 'PT. ADA PERKASA SAHITAGUNA SETIABUDI', 'SEMARANG', '1', 1, '2026-02-27 02:45:40', NULL),
(6, '15A24000', 'CV. ATLANTA MATARAM', 'SEMARANG', '1', 1, '2026-02-27 02:46:13', NULL),
(7, '15A24001', 'CV. ATLANTA KARANGWULAN', 'SEMARANG', '1', 1, '2026-02-27 02:46:43', NULL),
(8, '15A24003', 'CV. ATLANTA MAJAPAHIT', 'SEMARANG', '1', 1, '2026-02-27 02:47:15', NULL),
(9, '15A24004', 'CV. ATLANTA NGESREP', 'SEMARANG', '1', 1, '2026-02-27 02:47:39', NULL),
(10, '15A24005', 'CV. ATLANTA  NGALIYAN', 'SEMARANG', '1', 1, '2026-02-27 02:49:11', NULL),
(11, '15A24006', 'CV. ATLANTA GATSU', 'SEMARANG', '1', 1, '2026-02-27 02:49:27', NULL),
(12, '15A24007', 'CV. ATLANTA MUNTILAN', 'MUNTILAN', '1', 1, '2026-02-27 02:49:49', NULL),
(13, '15A24008', 'CV. ATLANTA JOGJA', 'YOGYAKARTA', '1', 1, '2026-02-27 02:50:06', NULL),
(14, '15B23000', 'CV. BERKAT MULIA', 'JUWANA', '1', 1, '2026-02-27 02:50:21', NULL),
(15, '15C05100', 'PT. TRANS RETAIL INDONESIA MAJAPAHIT', 'SEMARANG', '1', 1, '2026-02-27 02:50:41', NULL),
(16, '15C05101', 'PT. TRANS RETAIL INDONESIA SRONDOL', 'SEMARANG', '1', 1, '2026-02-27 02:51:18', NULL),
(17, '15C05102', 'PT. TRANS RETAIL INDONESIA PEKALONGAN', 'PEKALONGAN', '1', 1, '2026-02-27 02:51:37', NULL),
(18, '15GC0100', 'CV .KENANGA JAYA SALATIGA', 'SALATIGA', '1', 1, '2026-02-27 02:52:01', NULL),
(19, '15L05000', 'CV. LAREES JAYA ABADI', 'KUDUS', '1', 1, '2026-02-27 02:52:19', NULL),
(20, '15M07000', 'PT. LOTTE SHOPPING INDONESIA', 'SEMARANG', '1', 1, '2026-02-27 02:52:34', NULL),
(21, '15M10000', 'PT. METROPOLITAN MEGAH SARANA', 'SEMARANG', '1', 1, '2026-02-27 02:53:16', NULL),
(22, '15M13000', 'CV. MODERN', 'SEMARANG', '1', 1, '2026-02-27 02:53:35', NULL),
(23, '15MA3000', 'PT. MATAHARI PUTRA PRIMA TBK PARAGON', 'SEMARANG', '1', 1, '2026-02-27 02:54:06', NULL),
(24, '15MA3001', 'PT. MATAHARI PUTRA PRIMA TBK PEKALONGAN', 'PEKALONGAN', '1', 1, '2026-02-27 02:54:23', NULL),
(25, '15S17000', 'PT. SEROJA KARUNIA PUTRAJAYA', 'SEMARANG', '1', 1, '2026-02-27 02:54:53', NULL),
(26, '15GUD100', 'PT. GUDANG USAHA CEMERLANG', 'SEMARANG', '1', 1, '2026-02-27 02:55:16', NULL),
(27, '15HCI300', 'PT. HOME CENTER INDONESIA JAVAMALL', 'SEMARANG', '1', 1, '2026-02-27 02:55:44', NULL),
(28, '15HCI301', 'PT. HOME CENTER INDONESIA PEMUDA', 'SEMARANG', '1', 1, '2026-02-27 02:56:13', NULL),
(29, '15HCI302', 'PT. HOME CENTER INDONESIA PANDANARAN', 'SEMARANG', '1', 1, '2026-02-27 02:56:46', NULL),
(30, '15S21000', 'PT. PESONA PAJAJARAN LESTARI', 'SEMARANG', '1', 1, '2026-02-27 02:57:30', NULL),
(31, '15CMS100', 'PT. CATUR MITRA SEJATI SENTOSA', 'SEMARANG', '1', 1, '2026-02-27 02:57:43', NULL),
(32, '15B02110', 'PT.TRONINDO SUKSES MAKMUR', 'SEMARANG', '1', 1, '2026-02-27 02:58:07', NULL),
(33, '15P14001', 'CV. PILAR MAS PERDANA', 'PATI', '1', 1, '2026-02-27 02:58:31', NULL),
(34, '15S23000', 'CV. SEDAR MULTI BERKAT', 'BLORA', '1', 1, '2026-02-27 02:58:53', NULL),
(35, '15ZF2000', 'SLS CPDA Standard (SR)', 'SEMARANG', '1', 1, '2026-02-27 02:59:13', NULL),
(36, '15M15000', 'CV. MAHAKARYA MULIA PERKASA', 'AMBARAWA', '1', 1, '2026-02-27 02:59:34', NULL),
(37, '10000000', 'TRANSFER STOCK', 'JAKARTA', '1', 1, '2026-02-27 02:59:52', NULL),
(38, '15B24000', 'CV. BINA USAHA BERSAMA JAYA', 'JEPARA', '1', 1, '2026-02-27 03:00:15', NULL),
(39, '15SII101', 'PT. SHOPEE INTERNATIONAL INDONESIA', 'SEMARANG', '1', 1, '2026-02-27 03:00:30', NULL),
(40, '1501-OY', 'OM YOUNG', 'JEPARA', '1', 1, '2026-02-27 04:16:52', NULL),
(41, '15S0001S', 'CV SENTRAL SEJAHTERA', 'JEPARA', '1', 1, '2026-02-27 04:21:50', NULL),
(42, '15ELC000', 'PT SENTRAL ELC', 'SEMARANG', '1', 1, '2026-03-02 02:42:16', NULL),
(43, '15A12001', 'PT. ADA PERKASA SAHITAGUNA PATI', 'PATI', '1', 1, '2026-03-02 03:02:01', NULL),
(44, '15A12002', 'PT. ADA PERKASA SAHITAGUNA KUDUS', 'KUDUS', '1', 1, '2026-03-02 03:02:22', NULL),
(45, '15A12003', 'PT. ADA PERKASA SAHITAGUNA FATMAWATI', 'SEMARANG', '1', 1, '2026-03-02 03:02:46', NULL),
(46, '15A12004', 'PT. ADA PERKASA SAHITAGUNA MAJAPAHIT', 'SEMARANG', '1', 1, '2026-03-02 03:03:19', NULL),
(47, '15A12005', 'PT. ADA PERKASA SAHITAGUNA SILIWANGI', 'SEMARANG', '1', 1, '2026-03-02 03:03:40', NULL),
(48, '15P14002', 'CV PILAR MAS PERDANA SEMARANG', 'SEMARANG', '1', 1, '2026-03-02 09:34:49', NULL),
(49, '15GT1000', 'NAGATARA (ATL)', 'SOLO', '1', 1, '2026-03-03 02:37:32', NULL),
(50, '15IC10000', 'INDOCOOL', 'SEMARANG', '1', 1, '2026-03-03 03:57:29', NULL),
(51, '15MG1000', 'MULTIGUNA', 'WELERI', '1', 1, '2026-03-03 04:09:58', NULL);

-- --------------------------------------------------------

--
-- Table structure for table `delivery_orders`
--

CREATE TABLE `delivery_orders` (
  `id` int NOT NULL,
  `do_number` varchar(100) COLLATE utf8mb4_general_ci DEFAULT NULL,
  `warehouse_id` int DEFAULT NULL,
  `customer_id` int DEFAULT NULL,
  `customer_name` varchar(150) COLLATE utf8mb4_general_ci DEFAULT NULL,
  `status` varchar(50) COLLATE utf8mb4_general_ci DEFAULT 'POSTED',
  `created_by` int DEFAULT NULL,
  `created_at` timestamp NOT NULL DEFAULT CURRENT_TIMESTAMP,
  `is_deleted` tinyint(1) DEFAULT '0',
  `void_by` int DEFAULT NULL,
  `void_at` datetime DEFAULT NULL
) ENGINE=InnoDB DEFAULT CHARSET=utf8mb4 COLLATE=utf8mb4_general_ci;

--
-- Dumping data for table `delivery_orders`
--

INSERT INTO `delivery_orders` (`id`, `do_number`, `warehouse_id`, `customer_id`, `customer_name`, `status`, `created_by`, `created_at`, `is_deleted`, `void_by`, `void_at`) VALUES
(3, 'DO/20260302024251', 2, 42, NULL, 'POSTED', 3, '2026-03-02 02:42:51', 0, NULL, NULL),
(4, 'DO/20260302024535', 2, 33, NULL, 'POSTED', 3, '2026-03-02 02:45:35', 0, NULL, NULL),
(6, 'DO/20260302024720', 2, 30, NULL, 'POSTED', 3, '2026-03-02 02:47:20', 0, NULL, NULL),
(8, 'DO/20260302030508', 2, 45, NULL, 'POSTED', 3, '2026-03-02 03:05:08', 0, NULL, NULL),
(9, 'DO/20260302030534', 2, 5, NULL, 'POSTED', 3, '2026-03-02 03:05:34', 0, NULL, NULL),
(10, 'DO/20260302030557', 2, 22, NULL, 'POSTED', 3, '2026-03-02 03:05:57', 0, NULL, NULL),
(11, 'DO/20260302070729', 2, 2, NULL, 'VOID', 3, '2026-03-02 07:07:29', 0, 3, '2026-03-02 14:08:52'),
(12, 'DO/20260302071110', 2, 2, NULL, 'POSTED', 3, '2026-03-02 07:11:10', 0, NULL, NULL),
(13, 'DO/2026030247', 2, 1, NULL, 'POSTED', 3, '2026-03-02 07:47:58', 0, NULL, NULL),
(14, 'DO/202603025011', 2, 6, NULL, 'POSTED', 3, '2026-03-02 07:50:11', 0, NULL, NULL),
(15, 'DO/202603023412', 2, 9, NULL, 'POSTED', 3, '2026-03-02 08:34:12', 0, NULL, NULL),
(16, 'DO/202603022836', 2, 10, NULL, 'VOID', 3, '2026-03-02 09:28:36', 0, 3, '2026-03-03 10:03:51'),
(17, 'DO/202603023319', 2, 8, NULL, 'POSTED', 3, '2026-03-02 09:33:19', 0, NULL, NULL),
(18, 'DO/202603023403', 2, 11, NULL, 'POSTED', 3, '2026-03-02 09:34:03', 0, NULL, NULL),
(19, 'DO/202603023530', 2, 48, NULL, 'POSTED', 3, '2026-03-02 09:35:30', 0, NULL, NULL),
(20, 'DO/202603034028', 2, 13, NULL, 'POSTED', 3, '2026-03-03 02:40:28', 0, NULL, NULL),
(21, 'DO/202603034220', 2, 49, NULL, 'POSTED', 3, '2026-03-03 02:42:20', 0, NULL, NULL),
(22, 'DO/202603034727', 2, 2, NULL, 'POSTED', 3, '2026-03-03 02:47:27', 0, NULL, NULL),
(23, 'DO/202603035313', 2, 2, NULL, 'POSTED', 3, '2026-03-03 02:53:13', 0, NULL, NULL),
(24, 'DO/202603031128', 2, 10, NULL, 'POSTED', 3, '2026-03-03 03:11:28', 0, NULL, NULL),
(25, 'DO/202603031639', 2, 34, NULL, 'POSTED', 3, '2026-03-03 03:16:39', 0, NULL, NULL),
(26, 'DO/202603035926', 2, 11, NULL, 'POSTED', 3, '2026-03-03 03:59:26', 0, NULL, NULL),
(27, 'DO/202603030043', 2, 14, NULL, 'POSTED', 3, '2026-03-03 04:00:43', 0, NULL, NULL),
(28, 'DO/202603030326', 2, 33, NULL, 'POSTED', 3, '2026-03-03 04:03:26', 0, NULL, NULL),
(29, 'DO/202603030454', 2, 41, NULL, 'POSTED', 3, '2026-03-03 04:04:54', 0, NULL, NULL),
(30, 'DO/202603030511', 2, 38, NULL, 'POSTED', 3, '2026-03-03 04:05:11', 0, NULL, NULL),
(31, 'DO/202603030554', 2, 44, NULL, 'POSTED', 3, '2026-03-03 04:05:54', 0, NULL, NULL),
(32, 'DO/202603030914', 2, 1, NULL, 'POSTED', 3, '2026-03-03 04:09:14', 0, NULL, NULL),
(33, 'DO/202603031230', 2, 51, NULL, 'POSTED', 3, '2026-03-03 04:12:30', 0, NULL, NULL),
(34, 'DO/202603031352', 2, 19, NULL, 'VOID', 3, '2026-03-03 04:13:52', 0, 3, '2026-03-03 11:54:46'),
(35, 'DO/202603035534', 2, 19, NULL, 'POSTED', 3, '2026-03-03 04:55:34', 0, NULL, NULL),
(36, 'DO/202603032209', 2, 30, NULL, 'POSTED', 3, '2026-03-03 06:22:09', 0, NULL, NULL),
(37, 'DO/202603032441', 2, 22, NULL, 'POSTED', 3, '2026-03-03 06:24:41', 0, NULL, NULL),
(38, 'DO/202603032621', 2, 50, NULL, 'POSTED', 3, '2026-03-03 06:26:21', 0, NULL, NULL),
(39, 'DO/202603032712', 2, 42, NULL, 'POSTED', 3, '2026-03-03 06:27:12', 0, NULL, NULL),
(40, 'DO/202603031127', 2, 9, NULL, 'POSTED', 3, '2026-03-03 07:11:27', 0, NULL, NULL),
(41, 'DO/202603031336', 2, 6, NULL, 'POSTED', 3, '2026-03-03 07:13:36', 0, NULL, NULL),
(42, 'DO/202603031446', 2, 10, NULL, 'POSTED', 3, '2026-03-03 07:14:46', 0, NULL, NULL),
(43, 'DO/202603031139', 2, 11, NULL, 'POSTED', 3, '2026-03-03 08:11:39', 0, NULL, NULL),
(44, 'DO/202603031428', 2, 2, NULL, 'POSTED', 3, '2026-03-03 08:14:28', 0, NULL, NULL),
(45, 'DO/202603034155', 2, 33, NULL, 'POSTED', 3, '2026-03-03 09:41:55', 0, NULL, NULL),
(46, 'DO/202603034302', 2, 34, NULL, 'POSTED', 3, '2026-03-03 09:43:02', 0, NULL, NULL),
(47, 'DO/202603035925', 2, 11, NULL, 'POSTED', 3, '2026-03-03 09:59:25', 0, NULL, NULL),
(48, 'DO/202603032339', 2, 1, NULL, 'POSTED', 3, '2026-03-03 10:23:39', 0, NULL, NULL),
(49, 'DO/202603033939', 2, 11, NULL, 'VOID', 3, '2026-03-03 10:39:39', 0, 3, '2026-03-03 18:05:05'),
(50, 'DO/202603034527', 2, 1, NULL, 'POSTED', 3, '2026-03-03 10:45:27', 0, NULL, NULL),
(51, 'GR-20260304-0001', 2, 33, NULL, 'VOID', 3, '2026-03-04 02:41:32', 0, 3, '2026-03-04 09:43:09'),
(52, 'DO-20260304-0001', 2, 33, NULL, 'POSTED', 3, '2026-03-04 02:43:55', 0, NULL, NULL);

-- --------------------------------------------------------

--
-- Table structure for table `delivery_order_details`
--

CREATE TABLE `delivery_order_details` (
  `id` int NOT NULL,
  `do_id` int DEFAULT NULL,
  `item_id` int DEFAULT NULL,
  `qty` int DEFAULT NULL,
  `cbm` decimal(15,2) DEFAULT NULL
) ENGINE=InnoDB DEFAULT CHARSET=utf8mb4 COLLATE=utf8mb4_general_ci;

--
-- Dumping data for table `delivery_order_details`
--

INSERT INTO `delivery_order_details` (`id`, `do_id`, `item_id`, `qty`, `cbm`) VALUES
(4, 3, 607, 59, '21.24'),
(5, 4, 609, 13, '5.33'),
(6, 4, 612, 15, '6.15'),
(7, 4, 303, 13, '1.17'),
(8, 4, 384, 5, '0.20'),
(9, 4, 457, 10, '4.60'),
(10, 6, 438, 33, '11.55'),
(11, 8, 301, 1, '0.06'),
(12, 9, 439, 2, '0.68'),
(13, 10, 454, 2, '0.90'),
(14, 11, 418, 10, '3.70'),
(15, 11, 403, 2, '0.64'),
(16, 11, 566, 2, '1.28'),
(17, 11, 565, 2, '1.30'),
(18, 12, 418, 10, '3.70'),
(19, 12, 403, 2, '0.64'),
(20, 12, 566, 2, '1.28'),
(21, 12, 565, 2, '1.30'),
(22, 12, 556, 3, '1.65'),
(23, 12, 554, 3, '1.62'),
(24, 12, 549, 1, '0.47'),
(25, 12, 613, 8, '3.28'),
(26, 12, 614, 3, '1.23'),
(27, 12, 444, 5, '1.65'),
(28, 12, 422, 3, '1.20'),
(29, 13, 300, 30, '0.90'),
(30, 13, 301, 20, '1.20'),
(31, 13, 445, 5, '2.20'),
(32, 13, 458, 5, '2.40'),
(33, 13, 465, 10, '4.50'),
(34, 13, 550, 5, '2.35'),
(35, 13, 606, 10, '3.70'),
(36, 13, 472, 2, '1.00'),
(37, 13, 620, 5, '2.20'),
(38, 13, 303, 5, '0.45'),
(39, 14, 572, 1, '0.78'),
(40, 14, 308, 1, '0.14'),
(41, 14, 301, 5, '0.30'),
(42, 14, 510, 6, '0.18'),
(43, 14, 511, 6, '0.18'),
(44, 15, 566, 3, '1.92'),
(45, 15, 559, 1, '0.60'),
(46, 15, 568, 2, '1.44'),
(47, 15, 427, 1, '0.51'),
(48, 15, 613, 1, '0.41'),
(49, 15, 633, 1, '0.46'),
(50, 15, 451, 1, '0.35'),
(51, 15, 583, 1, '0.68'),
(52, 16, 589, 1, '1.19'),
(53, 16, 418, 3, '1.11'),
(54, 16, 568, 3, '2.16'),
(55, 16, 563, 2, '1.30'),
(56, 16, 551, 2, '0.94'),
(57, 16, 428, 2, '1.02'),
(58, 16, 614, 2, '0.82'),
(59, 16, 620, 2, '0.88'),
(60, 16, 576, 2, '1.76'),
(61, 16, 582, 1, '0.92'),
(62, 16, 581, 1, '0.91'),
(63, 17, 316, 10, '0.70'),
(64, 17, 339, 10, '1.40'),
(65, 17, 327, 2, '0.14'),
(66, 17, 350, 2, '0.28'),
(67, 17, 568, 6, '4.32'),
(68, 17, 554, 8, '4.32'),
(69, 17, 620, 3, '1.32'),
(70, 17, 633, 2, '0.92'),
(71, 17, 433, 2, '1.22'),
(72, 17, 598, 2, '2.00'),
(73, 17, 599, 3, '3.21'),
(74, 17, 458, 5, '2.40'),
(75, 17, 469, 3, '1.38'),
(76, 17, 418, 2, '0.74'),
(77, 17, 588, 2, '2.38'),
(78, 17, 301, 10, '0.60'),
(79, 17, 642, 2, '0.32'),
(80, 17, 614, 3, '1.23'),
(81, 17, 576, 2, '1.76'),
(82, 17, 582, 2, '1.84'),
(83, 17, 583, 1, '0.68'),
(84, 18, 555, 10, '5.50'),
(85, 18, 554, 10, '5.40'),
(86, 19, 633, 5, '2.30'),
(87, 19, 418, 5, '1.85'),
(88, 19, 367, 2, '0.58'),
(89, 20, 576, 2, '1.76'),
(90, 20, 581, 2, '1.82'),
(91, 20, 582, 1, '0.92'),
(92, 20, 583, 2, '1.36'),
(93, 20, 427, 5, '2.55'),
(94, 20, 568, 5, '3.60'),
(95, 20, 633, 5, '2.30'),
(96, 20, 607, 5, '1.80'),
(97, 20, 455, 3, '1.35'),
(98, 20, 441, 5, '1.70'),
(99, 20, 327, 3, '0.21'),
(100, 20, 350, 3, '0.42'),
(101, 21, 320, 25, '1.75'),
(102, 21, 344, 25, '3.50'),
(103, 21, 316, 10, '0.70'),
(104, 21, 339, 10, '1.40'),
(105, 22, 418, 2, '0.74'),
(106, 22, 565, 2, '1.30'),
(107, 22, 303, 2, '0.18'),
(108, 22, 301, 7, '0.42'),
(109, 22, 316, 5, '0.35'),
(110, 22, 339, 5, '0.70'),
(111, 22, 422, 3, '1.20'),
(112, 22, 300, 15, '0.45'),
(113, 22, 301, 20, '1.20'),
(114, 22, 554, 5, '2.70'),
(115, 22, 552, 2, '1.12'),
(116, 22, 555, 5, '2.75'),
(117, 22, 450, 2, '0.70'),
(118, 22, 566, 2, '1.28'),
(119, 22, 565, 1, '0.65'),
(120, 22, 444, 5, '1.65'),
(121, 22, 605, 2, '0.74'),
(122, 22, 415, 5, '2.00'),
(123, 23, 552, 3, '1.68'),
(124, 23, 564, 2, '1.30'),
(125, 23, 418, 3, '1.11'),
(126, 23, 452, 3, '1.05'),
(127, 23, 303, 2, '0.18'),
(128, 23, 316, 12, '0.84'),
(129, 23, 339, 12, '1.68'),
(130, 23, 320, 7, '0.49'),
(131, 23, 344, 7, '0.98'),
(132, 23, 623, 5, '1.85'),
(133, 23, 634, 2, '0.92'),
(134, 23, 432, 2, '1.22'),
(135, 23, 405, 2, '0.56'),
(136, 23, 326, 3, '0.21'),
(137, 23, 348, 3, '0.42'),
(138, 23, 440, 2, '0.68'),
(139, 23, 441, 2, '0.68'),
(140, 23, 627, 3, '1.26'),
(141, 23, 554, 5, '2.70'),
(142, 24, 589, 1, '1.19'),
(143, 24, 418, 3, '1.11'),
(144, 24, 568, 3, '2.16'),
(145, 24, 564, 2, '1.30'),
(146, 24, 551, 2, '0.94'),
(147, 24, 428, 2, '1.02'),
(148, 24, 614, 2, '0.82'),
(149, 24, 620, 2, '0.88'),
(150, 24, 576, 2, '1.76'),
(151, 24, 582, 1, '0.92'),
(152, 24, 581, 1, '0.91'),
(153, 25, 405, 3, '0.84'),
(154, 26, 556, 5, '2.75'),
(155, 26, 555, 5, '2.75'),
(156, 27, 402, 3, '0.30'),
(157, 27, 303, 3, '0.27'),
(158, 27, 435, 4, '2.44'),
(159, 27, 452, 10, '3.50'),
(160, 27, 410, 2, '0.82'),
(161, 28, 303, 16, '1.44'),
(162, 28, 461, 2, '0.90'),
(163, 28, 462, 8, '3.60'),
(164, 28, 463, 7, '3.15'),
(165, 28, 654, 5, '0.25'),
(166, 28, 555, 11, '6.05'),
(167, 28, 559, 8, '4.80'),
(168, 28, 628, 5, '2.10'),
(169, 28, 627, 10, '4.20'),
(170, 29, 301, 5, '0.30'),
(171, 29, 303, 4, '0.36'),
(172, 29, 455, 10, '4.50'),
(173, 29, 301, 35, '2.10'),
(174, 30, 301, 5, '0.30'),
(175, 31, 303, 3, '0.27'),
(176, 31, 439, 2, '0.68'),
(177, 32, 425, 2, '0.80'),
(178, 32, 442, 5, '1.65'),
(179, 32, 462, 10, '4.50'),
(180, 32, 531, 5, '0.40'),
(181, 32, 554, 4, '2.16'),
(182, 32, 614, 5, '2.05'),
(183, 32, 418, 10, '3.70'),
(184, 32, 301, 10, '0.60'),
(185, 33, 465, 4, '1.80'),
(186, 33, 466, 1, '0.45'),
(187, 33, 554, 2, '1.08'),
(188, 33, 563, 2, '1.30'),
(189, 33, 567, 2, '1.28'),
(190, 33, 302, 3, '0.12'),
(191, 34, 459, 5, '2.55'),
(192, 34, 418, 35, '12.95'),
(193, 34, 567, 4, '2.56'),
(194, 34, 584, 10, '1.20'),
(195, 35, 459, 3, '1.53'),
(196, 35, 418, 35, '12.95'),
(197, 35, 567, 4, '2.56'),
(198, 35, 584, 10, '1.20'),
(199, 36, 550, 7, '3.29'),
(200, 37, 301, 1, '0.06'),
(201, 37, 375, 2, '0.22'),
(202, 37, 531, 5, '0.40'),
(203, 37, 538, 10, '1.00'),
(204, 37, 599, 10, '10.70'),
(205, 37, 654, 10, '0.50'),
(206, 37, 653, 1, '0.10'),
(207, 37, 585, 3, '0.36'),
(208, 38, 326, 1, '0.07'),
(209, 38, 348, 1, '0.14'),
(210, 38, 316, 10, '0.70'),
(211, 38, 339, 10, '1.40'),
(212, 38, 344, 10, '1.40'),
(213, 38, 320, 10, '0.70'),
(214, 39, 554, 35, '18.90'),
(215, 40, 652, 2, '0.14'),
(216, 40, 458, 1, '0.48'),
(217, 40, 554, 1, '0.54'),
(218, 40, 316, 2, '0.14'),
(219, 40, 339, 2, '0.28'),
(220, 40, 450, 1, '0.35'),
(221, 40, 303, 5, '0.45'),
(222, 40, 312, 1, '0.37'),
(223, 40, 531, 3, '0.24'),
(224, 40, 654, 1, '0.05'),
(225, 40, 568, 1, '0.72'),
(226, 41, 316, 7, '0.49'),
(227, 41, 339, 7, '0.98'),
(228, 41, 572, 2, '1.56'),
(229, 41, 458, 1, '0.48'),
(230, 41, 477, 2, '0.14'),
(231, 41, 519, 2, '0.18'),
(232, 42, 316, 10, '0.70'),
(233, 42, 339, 10, '1.40'),
(234, 42, 450, 5, '1.75'),
(235, 42, 442, 5, '1.65'),
(236, 43, 316, 13, '0.91'),
(237, 43, 339, 13, '1.82'),
(238, 43, 320, 3, '0.21'),
(239, 43, 344, 3, '0.42'),
(240, 43, 488, 2, '1.36'),
(241, 43, 554, 5, '2.70'),
(242, 43, 616, 5, '2.25'),
(243, 43, 613, 15, '6.15'),
(244, 43, 614, 10, '4.10'),
(245, 44, 564, 3, '1.95'),
(246, 44, 316, 5, '0.35'),
(247, 44, 339, 5, '0.70'),
(248, 44, 435, 3, '1.83'),
(249, 44, 469, 3, '1.38'),
(250, 44, 446, 3, '1.32'),
(251, 44, 565, 5, '3.25'),
(252, 44, 623, 5, '1.85'),
(253, 44, 446, 2, '0.88'),
(254, 44, 439, 2, '0.68'),
(255, 44, 554, 3, '1.62'),
(256, 44, 627, 2, '0.84'),
(257, 45, 439, 36, '12.24'),
(258, 46, 301, 5, '0.30'),
(259, 46, 618, 1, '0.45'),
(260, 47, 573, 1, '0.84'),
(261, 48, 442, 9, '2.97'),
(262, 48, 443, 6, '2.04'),
(263, 48, 450, 10, '3.50'),
(264, 48, 452, 5, '1.75'),
(265, 48, 633, 6, '2.76'),
(266, 48, 302, 37, '1.48'),
(267, 48, 427, 5, '2.55'),
(268, 48, 429, 1, '0.51'),
(269, 48, 468, 5, '2.10'),
(270, 49, 568, 2, '1.44'),
(271, 49, 552, 1, '0.56'),
(272, 50, 300, 20, '0.60'),
(273, 51, 557, 5, '2.80'),
(274, 51, 558, 5, '2.80'),
(275, 51, 566, 5, '3.20'),
(276, 52, 557, 5, '2.80'),
(277, 52, 558, 5, '2.80'),
(278, 52, 566, 5, '3.20');

-- --------------------------------------------------------

--
-- Table structure for table `goods_receipts`
--

CREATE TABLE `goods_receipts` (
  `id` int NOT NULL,
  `gr_number` varchar(100) COLLATE utf8mb4_general_ci DEFAULT NULL,
  `warehouse_id` int DEFAULT NULL,
  `manifest_id` int DEFAULT NULL,
  `status` varchar(50) COLLATE utf8mb4_general_ci DEFAULT 'POSTED',
  `created_by` int DEFAULT NULL,
  `created_at` timestamp NOT NULL DEFAULT CURRENT_TIMESTAMP,
  `is_deleted` tinyint(1) DEFAULT '0',
  `void_by` int DEFAULT NULL,
  `void_at` datetime DEFAULT NULL
) ENGINE=InnoDB DEFAULT CHARSET=utf8mb4 COLLATE=utf8mb4_general_ci;

--
-- Dumping data for table `goods_receipts`
--

INSERT INTO `goods_receipts` (`id`, `gr_number`, `warehouse_id`, `manifest_id`, `status`, `created_by`, `created_at`, `is_deleted`, `void_by`, `void_at`) VALUES
(1, 'GR/20260302034311', 1, 1, 'VOID', 6, '2026-03-02 03:43:11', 0, 6, '2026-03-02 16:56:53'),
(2, 'GR/20260302040811', 1, 5, 'VOID', 6, '2026-03-02 04:08:11', 0, 6, '2026-03-02 11:08:21'),
(3, 'GR/202603025905', 1, 4, 'POSTED', 6, '2026-03-02 09:59:05', 0, NULL, NULL),
(4, 'GR/202603020710', 2, 7, 'POSTED', 3, '2026-03-02 10:07:10', 0, NULL, NULL),
(5, 'GR/202603020733', 1, 9, 'POSTED', 6, '2026-03-02 10:07:33', 0, NULL, NULL),
(6, 'GR/202603021008', 1, 10, 'POSTED', 6, '2026-03-02 10:10:08', 0, NULL, NULL),
(7, 'GR/202603025344', 2, 2, 'POSTED', 3, '2026-03-02 10:53:44', 0, NULL, NULL),
(8, 'GR/202603025615', 2, 5, 'POSTED', 3, '2026-03-02 10:56:15', 0, NULL, NULL),
(9, 'GR/202603024002', 1, 11, 'POSTED', 6, '2026-03-02 11:40:02', 0, NULL, NULL),
(10, 'GR/202603031840', 2, 13, 'POSTED', 3, '2026-03-03 02:18:40', 0, NULL, NULL),
(11, 'GR/202603032535', 2, 12, 'POSTED', 3, '2026-03-03 02:25:35', 0, NULL, NULL),
(12, 'GR/202603032916', 1, 14, 'POSTED', 6, '2026-03-03 02:29:16', 0, NULL, NULL),
(13, 'GR/202603032951', 2, 15, 'POSTED', 3, '2026-03-03 02:29:51', 0, NULL, NULL),
(14, 'GR/202603033300', 2, 16, 'POSTED', 3, '2026-03-03 02:33:00', 0, NULL, NULL),
(15, 'GR/202603033516', 2, 17, 'POSTED', 3, '2026-03-03 02:35:16', 0, NULL, NULL),
(16, 'GR/202603033842', 1, 6, 'POSTED', 6, '2026-03-03 02:38:42', 0, NULL, NULL),
(17, 'GR/202603034207', 1, 18, 'POSTED', 6, '2026-03-03 02:42:07', 0, NULL, NULL),
(18, 'GR/202603034227', 1, 19, 'VOID', 6, '2026-03-03 02:42:27', 0, 6, '2026-03-03 09:42:34'),
(19, 'GR/202603034502', 1, 20, 'POSTED', 6, '2026-03-03 02:45:02', 0, NULL, NULL);

-- --------------------------------------------------------

--
-- Table structure for table `goods_receipt_details`
--

CREATE TABLE `goods_receipt_details` (
  `id` int NOT NULL,
  `gr_id` int DEFAULT NULL,
  `item_id` int DEFAULT NULL,
  `qty` int DEFAULT NULL,
  `cbm` decimal(15,2) DEFAULT NULL
) ENGINE=InnoDB DEFAULT CHARSET=utf8mb4 COLLATE=utf8mb4_general_ci;

--
-- Dumping data for table `goods_receipt_details`
--

INSERT INTO `goods_receipt_details` (`id`, `gr_id`, `item_id`, `qty`, `cbm`) VALUES
(1, 1, 435, 19, '11.59'),
(2, 1, 451, 25, '8.75'),
(3, 2, 303, 5, '0.45'),
(4, 2, 626, 7, '2.87'),
(5, 2, 649, 2, '0.30'),
(6, 2, 648, 2, '0.14'),
(7, 2, 518, 2, '0.06'),
(8, 2, 518, 3, '0.09'),
(9, 2, 357, 3, '0.42'),
(10, 2, 335, 3, '0.21'),
(11, 2, 301, 5, '0.30'),
(12, 2, 303, 5, '0.45'),
(13, 2, 442, 5, '1.65'),
(14, 3, 301, 51, '3.06'),
(15, 3, 303, 41, '3.69'),
(16, 3, 443, 10, '3.40'),
(17, 3, 628, 20, '8.40'),
(18, 3, 631, 5, '2.30'),
(19, 4, 652, 2, '0.14'),
(20, 4, 477, 3, '0.21'),
(21, 4, 653, 1, '0.10'),
(22, 4, 488, 2, '1.36'),
(23, 4, 497, 50, '1.50'),
(24, 4, 499, 50, '1.50'),
(25, 4, 531, 5, '0.40'),
(26, 4, 654, 21, '1.05'),
(27, 4, 538, 10, '1.00'),
(28, 4, 585, 3, '0.36'),
(29, 4, 588, 21, '24.99'),
(30, 4, 598, 2, '2.00'),
(31, 4, 599, 3, '3.21'),
(32, 5, 303, 10, '0.90'),
(33, 5, 312, 4, '1.48'),
(34, 5, 344, 32, '4.48'),
(35, 5, 325, 3, '0.21'),
(36, 5, 326, 7, '0.49'),
(37, 5, 327, 1, '0.07'),
(38, 5, 344, 32, '4.48'),
(39, 5, 345, 3, '0.42'),
(40, 5, 348, 7, '0.98'),
(41, 5, 350, 1, '0.14'),
(42, 5, 442, 15, '4.95'),
(43, 5, 443, 10, '3.40'),
(44, 5, 472, 11, '5.50'),
(45, 5, 519, 9, '0.81'),
(46, 5, 549, 8, '3.76'),
(47, 5, 550, 7, '3.29'),
(48, 5, 552, 1, '0.56'),
(49, 5, 572, 5, '3.90'),
(50, 5, 583, 10, '6.80'),
(51, 5, 626, 28, '11.48'),
(52, 5, 628, 10, '4.20'),
(53, 6, 455, 10, '4.50'),
(54, 6, 549, 10, '4.70'),
(55, 6, 614, 25, '10.25'),
(56, 6, 301, 35, '2.10'),
(57, 6, 320, 80, '5.60'),
(58, 6, 344, 80, '11.20'),
(59, 6, 442, 15, '4.95'),
(60, 6, 443, 5, '1.70'),
(61, 7, 375, 2, '0.22'),
(62, 7, 403, 3, '0.96'),
(63, 7, 410, 1, '0.41'),
(64, 7, 607, 27, '9.72'),
(65, 7, 623, 15, '5.55'),
(66, 7, 624, 15, '5.55'),
(67, 8, 301, 51, '3.06'),
(68, 8, 303, 41, '3.69'),
(69, 8, 443, 10, '3.40'),
(70, 8, 628, 20, '8.40'),
(71, 8, 631, 5, '2.30'),
(72, 9, 652, 2, '0.14'),
(73, 9, 477, 3, '0.21'),
(74, 9, 653, 1, '0.10'),
(75, 9, 488, 2, '1.36'),
(76, 9, 497, 50, '1.50'),
(77, 9, 499, 50, '1.50'),
(78, 9, 531, 5, '0.40'),
(79, 9, 654, 21, '1.05'),
(80, 9, 538, 10, '1.00'),
(81, 9, 585, 3, '0.36'),
(82, 9, 588, 21, '24.99'),
(83, 9, 598, 2, '2.00'),
(84, 9, 599, 3, '3.21'),
(85, 10, 655, 1, '0.11'),
(86, 10, 405, 4, '1.12'),
(87, 10, 410, 1, '0.41'),
(88, 10, 411, 2, '0.62'),
(89, 10, 531, 5, '0.40'),
(90, 10, 599, 9, '9.63'),
(91, 11, 303, 10, '0.90'),
(92, 11, 312, 4, '1.48'),
(93, 11, 320, 32, '2.24'),
(94, 11, 325, 3, '0.21'),
(95, 11, 326, 7, '0.49'),
(96, 11, 327, 1, '0.07'),
(97, 11, 344, 32, '4.48'),
(98, 11, 345, 3, '0.42'),
(99, 11, 348, 7, '0.98'),
(100, 11, 350, 1, '0.14'),
(101, 11, 442, 15, '4.95'),
(102, 11, 443, 10, '3.40'),
(103, 11, 472, 11, '5.50'),
(104, 11, 519, 9, '0.81'),
(105, 11, 549, 8, '3.76'),
(106, 11, 550, 7, '3.29'),
(107, 11, 552, 1, '0.56'),
(108, 11, 572, 5, '3.90'),
(109, 11, 583, 10, '6.80'),
(110, 11, 626, 28, '11.48'),
(111, 11, 628, 10, '4.20'),
(112, 12, 442, 15, '4.95'),
(113, 12, 443, 15, '5.10'),
(114, 12, 444, 15, '4.95'),
(115, 12, 451, 8, '2.80'),
(116, 12, 458, 32, '15.36'),
(117, 12, 614, 30, '12.30'),
(118, 12, 622, 15, '5.55'),
(119, 13, 301, 35, '2.10'),
(120, 13, 320, 80, '5.60'),
(121, 13, 344, 80, '11.20'),
(122, 13, 442, 15, '4.95'),
(123, 13, 443, 5, '1.70'),
(124, 13, 455, 10, '4.50'),
(125, 13, 549, 10, '4.70'),
(126, 13, 614, 25, '10.25'),
(127, 14, 442, 15, '4.95'),
(128, 14, 443, 15, '5.10'),
(129, 14, 444, 15, '4.95'),
(130, 14, 451, 8, '2.80'),
(131, 14, 458, 32, '15.36'),
(132, 14, 614, 30, '12.30'),
(133, 14, 622, 15, '5.55'),
(134, 15, 442, 10, '3.30'),
(135, 15, 443, 10, '3.40'),
(136, 15, 444, 10, '3.30'),
(137, 15, 451, 20, '7.00'),
(138, 15, 458, 20, '9.60'),
(139, 15, 614, 45, '18.45'),
(140, 16, 375, 2, '0.22'),
(141, 16, 403, 3, '0.96'),
(142, 16, 410, 1, '0.41'),
(143, 16, 607, 27, '9.72'),
(144, 16, 623, 15, '5.55'),
(145, 16, 624, 15, '5.55'),
(146, 17, 442, 10, '3.30'),
(147, 17, 443, 10, '3.40'),
(148, 17, 444, 10, '3.30'),
(149, 17, 451, 20, '7.00'),
(150, 17, 458, 20, '9.60'),
(151, 17, 614, 45, '18.45'),
(152, 18, 655, 1, '0.11'),
(153, 19, 655, 1, '0.11'),
(154, 19, 405, 4, '1.12'),
(155, 19, 410, 1, '0.41'),
(156, 19, 411, 2, '0.62'),
(157, 19, 531, 5, '0.40'),
(158, 19, 599, 9, '9.63');

-- --------------------------------------------------------

--
-- Table structure for table `items`
--

CREATE TABLE `items` (
  `id` int NOT NULL,
  `item_code` varchar(100) COLLATE utf8mb4_general_ci DEFAULT NULL,
  `item_name` varchar(150) COLLATE utf8mb4_general_ci DEFAULT NULL,
  `cbm` decimal(15,2) DEFAULT '0.00',
  `minimum_stock` int DEFAULT '0',
  `is_active` tinyint(1) DEFAULT '1',
  `created_at` timestamp NOT NULL DEFAULT CURRENT_TIMESTAMP,
  `is_deleted` tinyint(1) DEFAULT '0',
  `deleted_at` datetime DEFAULT NULL
) ENGINE=InnoDB DEFAULT CHARSET=utf8mb4 COLLATE=utf8mb4_general_ci;

--
-- Dumping data for table `items`
--

INSERT INTO `items` (`id`, `item_code`, `item_name`, `cbm`, `minimum_stock`, `is_active`, `created_at`, `is_deleted`, `deleted_at`) VALUES
(300, '2T-C24HD1500I', 'LED TV 24  DIGITAL U', '0.03', 0, 1, '2026-03-02 02:05:35', 0, NULL),
(301, '2T-C32GH3000I', 'LED-TV 43', '0.06', 0, 1, '2026-03-02 02:05:35', 0, NULL),
(302, '2T-C32HD1500I', 'LED-TV 43', '0.04', 0, 1, '2026-03-02 02:05:35', 0, NULL),
(303, '2T-C43GH3000I', 'LED-TV 43', '0.09', 0, 1, '2026-03-02 02:05:35', 0, NULL),
(304, '2T-C43HD1500I', 'LED-TV 43', '0.08', 0, 1, '2026-03-02 02:05:35', 0, NULL),
(305, '4T-C43HJ6000I', 'LED-TV 42', '0.11', 0, 1, '2026-03-02 02:05:35', 0, NULL),
(306, '4T-C50HJ6000I', 'LED TV 50  ANDROID', '0.22', 0, 1, '2026-03-02 02:05:35', 0, NULL),
(307, '4T-C50HL6500I', 'LED TV 50  ANDROID', '0.12', 0, 1, '2026-03-02 02:05:35', 0, NULL),
(308, '4T-C55HJ6000I', 'LED TV 55 4K', '0.14', 0, 1, '2026-03-02 02:05:35', 0, NULL),
(309, '4T-C55HL6500I', 'LED TV 55 4K', '0.15', 0, 1, '2026-03-02 02:05:35', 0, NULL),
(310, '4T-C55HN7000I', 'LED TV 55 4K', '0.15', 0, 1, '2026-03-02 02:05:35', 0, NULL),
(311, '4T-C65HL6500I', 'LED TV 65 4K', '0.23', 0, 1, '2026-03-02 02:05:35', 0, NULL),
(312, '4T-C75HJ6000I', 'LED TV 75  ANDROID', '0.37', 0, 1, '2026-03-02 02:05:35', 0, NULL),
(313, 'AH-A12ZCY', 'AC SPLIT STANDAR 0.', '0.09', 0, 1, '2026-03-02 02:05:35', 0, NULL),
(314, 'AH-A18ZCY', 'AC SPLIT STANDARD 2.', '0.12', 0, 1, '2026-03-02 02:05:35', 0, NULL),
(315, 'AH-A24ZCY', 'AC', '0.14', 0, 1, '2026-03-02 02:05:35', 0, NULL),
(316, 'AH-A5BEY2', 'AC SPLIT STANDAR 0.', '0.07', 0, 1, '2026-03-02 02:05:35', 0, NULL),
(317, 'AH-A5ZCY', 'AC SPLIT STANDARD 0.', '0.08', 0, 1, '2026-03-02 02:05:35', 0, NULL),
(318, 'AH-A7BEY', 'AC SPLIT STANDAR 0.', '0.07', 0, 1, '2026-03-02 02:05:35', 0, NULL),
(319, 'AH-A9BBY2', 'AC SPLIT STANDARD 0.75', '0.07', 0, 1, '2026-03-02 02:05:35', 0, NULL),
(320, 'AH-A9BEY2', 'AC INDOOR', '0.07', 0, 1, '2026-03-02 02:05:35', 0, NULL),
(321, 'AH-A9BEYT', 'AC INDOOR', '0.07', 0, 1, '2026-03-02 02:05:35', 0, NULL),
(322, 'AH-A9ZCY', 'AC SPLIT STANDARD 1', '0.09', 0, 1, '2026-03-02 02:05:35', 0, NULL),
(323, 'AH-A9ZEY', 'AC SPLIT STANDAR 1', '0.09', 0, 1, '2026-03-02 02:05:35', 0, NULL),
(324, 'AH-AP7BMY', 'AC SPLIT 0 .75HP INDOOR', '0.07', 0, 1, '2026-03-02 02:05:35', 0, NULL),
(325, 'AH-AP9BMY2', 'AC SPLIT INV 1 .5 HP I', '0.07', 0, 1, '2026-03-02 02:05:35', 0, NULL),
(326, 'AH-X10BEY', 'AC SPLIT 0 .75 HP PCI', '0.07', 0, 1, '2026-03-02 02:05:35', 0, NULL),
(327, 'AH-X13BEY', 'AC SPLIT INV 1. OHP 1', '0.07', 0, 1, '2026-03-02 02:05:35', 0, NULL),
(328, 'AH-X18ZY', 'AC SPLIT 2 HP STANDART', '0.11', 0, 1, '2026-03-02 02:05:35', 0, NULL),
(329, 'AH-X6BEY', 'AC SPLIT INV 1.5 HP', '0.07', 0, 1, '2026-03-02 02:05:35', 0, NULL),
(330, 'AH-X8BEY', 'AC SPLIT INV 1.5 HP', '0.08', 0, 1, '2026-03-02 02:05:35', 0, NULL),
(331, 'AH-XP10BMY', 'AC SPLIT INV 1.5 HP', '0.07', 0, 1, '2026-03-02 02:05:35', 0, NULL),
(332, 'AH-XP13YHY', 'AC SPLIT INV 1.5 HP', '0.09', 0, 1, '2026-03-02 02:05:35', 0, NULL),
(333, 'AH-XP6BMY', 'AC SPLIT INV 1.5 HP', '0.07', 0, 1, '2026-03-02 02:05:35', 0, NULL),
(334, 'AH-XP6YHY', 'AC SPLIT INV 0.5 HP I', '0.09', 0, 1, '2026-03-02 02:05:35', 0, NULL),
(335, 'AH-XP8BMY', 'AC SPLIT INV 1.5 HP', '0.07', 0, 1, '2026-03-02 02:05:35', 0, NULL),
(336, 'AU-A12ZCY', 'AC SPLIT STANDAR 0.', '0.18', 0, 1, '2026-03-02 02:05:35', 0, NULL),
(337, 'AU-A18ZCY', 'AC SPLIT STANDARD 2.', '0.18', 0, 1, '2026-03-02 02:05:35', 0, NULL),
(338, 'AU-A24ZCY', 'AC', '0.47', 0, 1, '2026-03-02 02:05:35', 0, NULL),
(339, 'AU-A5BEY2', 'AC SPLIT STANDAR 0.', '0.14', 0, 1, '2026-03-02 02:05:35', 0, NULL),
(340, 'AU-A5ZCY', 'AC SPLIT STANDARD 0.', '0.14', 0, 1, '2026-03-02 02:05:35', 0, NULL),
(341, 'AU-A7BEY', 'AC SPLIT STANDAR 0.', '0.15', 0, 1, '2026-03-02 02:05:35', 0, NULL),
(342, 'AU-A7BMY', 'AC SPLIT 0 .75HP OUTDOOR', '0.15', 0, 1, '2026-03-02 02:05:35', 0, NULL),
(343, 'AU-A9BBY2', 'AC SPLIT STANDARD 0.75', '0.15', 0, 1, '2026-03-02 02:05:35', 0, NULL),
(344, 'AU-A9BEY2', 'AC OUTDOOR', '0.14', 0, 1, '2026-03-02 02:05:35', 0, NULL),
(345, 'AU-A9BMY2', 'AC SPLIT INV 1 .5 HP 0', '0.14', 0, 1, '2026-03-02 02:05:35', 0, NULL),
(346, 'AU-A9ZCY', 'AC SPLIT STANDARD 1', '0.14', 0, 1, '2026-03-02 02:05:35', 0, NULL),
(347, 'AU-A9ZEY', 'AC SPLIT STANDAR 1', '0.14', 0, 1, '2026-03-02 02:05:35', 0, NULL),
(348, 'AU-X10BEY', 'AC SPLIT STANDARD 1.5 HP', '0.14', 0, 1, '2026-03-02 02:05:35', 0, NULL),
(349, 'AU-X10BMY', 'AC SPLIT STANDARD 1.5 HP', '0.14', 0, 1, '2026-03-02 02:05:35', 0, NULL),
(350, 'AU-X13BEY', 'AC SPLIT INV 1. OHP 0', '0.14', 0, 1, '2026-03-02 02:05:35', 0, NULL),
(351, 'AU-X13YHY', 'AC SPLIT INV 1.5 HP', '0.14', 0, 1, '2026-03-02 02:05:35', 0, NULL),
(352, 'AU-X18ZY', 'AC SPLIT 2 HP OUT', '0.26', 0, 1, '2026-03-02 02:05:35', 0, NULL),
(353, 'AU-X6BEY', 'AC SPLIT INV 1.5 HP', '0.14', 0, 1, '2026-03-02 02:05:35', 0, NULL),
(354, 'AU-X6BMY', 'AC SPLIT STANDARD 1.5 HP', '0.14', 0, 1, '2026-03-02 02:05:35', 0, NULL),
(355, 'AU-X6YHY', 'AC SPLIT INV 0.5 HP O', '0.14', 0, 1, '2026-03-02 02:05:35', 0, NULL),
(356, 'AU-X8BEY', 'AC SPLIT STANDARD 1.5 HP', '0.14', 0, 1, '2026-03-02 02:05:35', 0, NULL),
(357, 'AU-X8BMY', 'AC SPLIT STANDARD 1.5 HP', '0.14', 0, 1, '2026-03-02 02:05:35', 0, NULL),
(358, 'AX-1700IN(R)', 'AC SPLIT OUTDOOR UNIT', '0.14', 0, 1, '2026-03-02 02:05:35', 0, NULL),
(359, 'CBOX-GSPRO20RB', 'SPEAKER ACTIVE', '0.37', 0, 1, '2026-03-02 02:05:35', 0, NULL),
(360, 'CBOX-PROX10UBB', 'SPEAKER ACTIVE PRO-X', '0.10', 0, 1, '2026-03-02 02:05:35', 0, NULL),
(361, 'CBOX-PROX12UBB', 'SPEAKER ACTIVE PRO-X', '0.15', 0, 1, '2026-03-02 02:05:35', 0, NULL),
(362, 'CBOX-PROX15UBB', 'SPEAKER ACTIVE PRO-X', '0.24', 0, 1, '2026-03-02 02:05:35', 0, NULL),
(363, 'CBOX-PROX20UBB', 'SPEAKER ACTIVE PRO-X', '0.15', 0, 1, '2026-03-02 02:05:35', 0, NULL),
(364, 'CBOX-PROX22UBB', 'SPEAKER ACTIVE PRO-X', '0.30', 0, 1, '2026-03-02 02:05:35', 0, NULL),
(365, 'CBOX-PS8CB', 'SPEAKER ACTIVE PRO-X', '0.14', 0, 1, '2026-03-02 02:05:35', 0, NULL),
(366, 'CBOX-RLPRO15B', 'ACTIVE SPEAKER REAL', '0.13', 0, 1, '2026-03-02 02:05:35', 0, NULL),
(367, 'CBOX-SAS28GD', 'ACTIVE SPEAKER REAL', '0.29', 0, 1, '2026-03-02 02:05:35', 0, NULL),
(368, 'CBOX-SAS28SR', 'SPEAKER ACTIV', '0.31', 0, 1, '2026-03-02 02:05:35', 0, NULL),
(369, 'CBOX-SPRO15B', 'SOUND BAR SYSTEM 15', '0.31', 0, 1, '2026-03-02 02:05:35', 0, NULL),
(370, 'CBOX-SPRO20B', 'SOUND BAR SYSTEM 15', '0.27', 0, 1, '2026-03-02 02:05:35', 0, NULL),
(371, 'CBOX-SPRO22B', 'SOUND BAR SYSTEM 15', '0.33', 0, 1, '2026-03-02 02:05:35', 0, NULL),
(372, 'CBOX-TRB10MBO', 'ACTIVE SPEAKER TROLL', '0.10', 0, 1, '2026-03-02 02:05:35', 0, NULL),
(373, 'CBOX-TRB12CBL', 'ACTIVE SPEAKER TROLL', '0.11', 0, 1, '2026-03-02 02:05:35', 0, NULL),
(374, 'CBOX-TRB12MBO', 'ACTIVE SPEAKER TROLL', '0.11', 0, 1, '2026-03-02 02:05:35', 0, NULL),
(375, 'CBOX-TRB12MBS', 'ACTIVE SPEAKER TROLL', '0.11', 0, 1, '2026-03-02 02:05:35', 0, NULL),
(376, 'CBOX-TRB15MBS', 'ACTIVE SPEAKER TROLL', '0.18', 0, 1, '2026-03-02 02:05:35', 0, NULL),
(377, 'CV-P10ZCY', 'AC PORTABLE WITH PCI', '0.20', 0, 1, '2026-03-02 02:05:35', 0, NULL),
(378, 'DW-D12A-W', 'DEHUMIDIFIER 12L', '0.06', 0, 1, '2026-03-02 02:05:35', 0, NULL),
(379, 'DW-E16FA-W', 'DEHUMIDIFIER 12L', '0.08', 0, 1, '2026-03-02 02:05:35', 0, NULL),
(380, 'DW-T30HY-W', 'DEHUMIDIFIER 12L', '0.10', 0, 1, '2026-03-02 02:05:35', 0, NULL),
(381, 'EC-8305-B', 'VACCUM CLEANER', '0.04', 0, 1, '2026-03-02 02:05:35', 0, NULL),
(382, 'EC-8305-P', 'VACCUM CLEANER', '0.50', 0, 1, '2026-03-02 02:05:35', 0, NULL),
(383, 'EC-CW60', 'VACCUM CLEANER', '0.04', 0, 1, '2026-03-02 02:05:35', 0, NULL),
(384, 'EC-EF07Y-BK', 'VACUUM CLEANER CANISTER', '0.04', 0, 1, '2026-03-02 02:05:35', 0, NULL),
(385, 'EC-NS18-BK', 'VACCUM CLEANER', '0.05', 0, 1, '2026-03-02 02:05:35', 0, NULL),
(386, 'EC-NS18-RD', 'VACCUM CLEANER', '0.05', 0, 1, '2026-03-02 02:05:35', 0, NULL),
(387, 'EC-SF74Y-BK', 'VACUUM CLEANER CORDLESS', '0.03', 0, 1, '2026-03-02 02:05:35', 0, NULL),
(388, 'EI-N05-B', 'ELECTRIC IRON', '0.00', 0, 1, '2026-03-02 02:05:35', 0, NULL),
(389, 'EI-N05-P', 'ELECTRIC IRON', '0.00', 0, 1, '2026-03-02 02:05:35', 0, NULL),
(390, 'EI-N10-GY', 'ELECTRIC IRON', '0.01', 0, 1, '2026-03-02 02:05:35', 0, NULL),
(391, 'EI-N10-WH', 'ELCTRIC IRON', '0.01', 0, 1, '2026-03-02 02:05:35', 0, NULL),
(392, 'EJ-C20Y-RD', 'BLENDER', '0.03', 0, 1, '2026-03-02 02:05:35', 0, NULL),
(393, 'EKJ-156-BK', 'BLENDER', '0.01', 0, 1, '2026-03-02 02:05:35', 0, NULL),
(394, 'EM-120-WH', 'BLENDER', '0.01', 0, 1, '2026-03-02 02:05:35', 0, NULL),
(395, 'EM-121-BK', 'BLENDER', '0.42', 0, 1, '2026-03-02 02:05:35', 0, NULL),
(396, 'EM-151G-GY', 'BLENDER', '0.02', 0, 1, '2026-03-02 02:05:35', 0, NULL),
(397, 'EM-151P-WH', 'BLENDER', '0.02', 0, 1, '2026-03-02 02:05:35', 0, NULL),
(398, 'EM-152G-BL', 'BLENDER', '0.04', 0, 1, '2026-03-02 02:05:35', 0, NULL),
(399, 'EM-152P-PK', 'BLENDER', '0.04', 0, 1, '2026-03-02 02:05:35', 0, NULL),
(400, 'EM-P01-BK', 'MIXER', '0.01', 0, 1, '2026-03-02 02:05:35', 0, NULL),
(401, 'EO-28WH', 'ELECTRIC OVEN 28 LIT', '0.08', 0, 1, '2026-03-02 02:05:35', 0, NULL),
(402, 'EO-35ST', 'ELECTRIC OVEN 35 LIT', '0.10', 0, 1, '2026-03-02 02:05:35', 0, NULL),
(403, 'ES-FL1073W', 'WM FRONT LOADING 7KG', '0.32', 0, 1, '2026-03-02 02:05:35', 0, NULL),
(404, 'ES-FL1212SX', 'WM FRONT LOADING 8 KG', '0.42', 0, 1, '2026-03-02 02:05:35', 0, NULL),
(405, 'ES-FL1270MWX', 'WM FRONT LOADING INV', '0.28', 0, 1, '2026-03-02 02:05:35', 0, NULL),
(406, 'ES-FL1270XT', 'WM FRONT LOADING INV', '0.32', 0, 1, '2026-03-02 02:05:35', 0, NULL),
(407, 'ES-FL1280XT', 'WM FRONT LOADING 8KG', '0.32', 0, 1, '2026-03-02 02:05:35', 0, NULL),
(408, 'ES-FL1290XT', 'WM FRONT LOADING INVERTER 9KG', '0.34', 0, 1, '2026-03-02 02:05:35', 0, NULL),
(409, 'ES-FL1410DPX', 'WM FRONT LOADING WD', '0.41', 0, 1, '2026-03-02 02:05:35', 0, NULL),
(410, 'ES-FL1410MSX', 'WM FRONT LOADING', '0.41', 0, 1, '2026-03-02 02:05:35', 0, NULL),
(411, 'ES-FL1480MWX', 'WM FRONT LOADING INV', '0.31', 0, 1, '2026-03-02 02:05:35', 0, NULL),
(412, 'ES-FL1490MSX', 'WM FRONT LOADING 9 KG', '0.39', 0, 1, '2026-03-02 02:05:35', 0, NULL),
(413, 'ES-FL1491XW', 'WM FRONT LOADING 9.5', '0.41', 0, 1, '2026-03-02 02:05:35', 0, NULL),
(414, 'ES-M1000T-GG', 'WM TOP LOADING MEGAM', '0.39', 0, 1, '2026-03-02 02:05:35', 0, NULL),
(415, 'ES-M1050XT-SA', 'WM TOP LOADING MM IN', '0.40', 0, 1, '2026-03-02 02:05:35', 0, NULL),
(416, 'ES-M1109T-GG', 'WM TOP LOADING MEGAM', '0.40', 0, 1, '2026-03-02 02:05:35', 0, NULL),
(417, 'ES-M1150XT-SM', 'WM TOP LOADING MEGAM', '0.41', 0, 1, '2026-03-02 02:05:35', 0, NULL),
(418, 'ES-M7000P-GG', 'WM TOP LOADING MEGAM', '0.37', 0, 1, '2026-03-02 02:05:35', 0, NULL),
(419, 'ES-M8000P-GG', 'WM TOP LOADING MEGAM', '0.37', 0, 1, '2026-03-02 02:05:35', 0, NULL),
(420, 'ES-M8000T-GG', 'MW TOP LOADING MEGAM', '0.39', 0, 1, '2026-03-02 02:05:35', 0, NULL),
(421, 'ES-M809T-GG', 'WM- TOP LOADING MEGAM', '0.40', 0, 1, '2026-03-02 02:05:35', 0, NULL),
(422, 'ES-M8500XT-SA', 'WM TOP LOADING MM IN', '0.40', 0, 1, '2026-03-02 02:05:35', 0, NULL),
(423, 'ES-M9000T-GG', 'WM TOP LOADING MEGAM', '0.39', 0, 1, '2026-03-02 02:05:35', 0, NULL),
(424, 'ES-M909T-GG', 'WM TOP LOADING MEGAM', '0.41', 0, 1, '2026-03-02 02:05:35', 0, NULL),
(425, 'ES-M9500XT-SA', 'WM TOP LOADING MM IN', '0.40', 0, 1, '2026-03-02 02:05:35', 0, NULL),
(426, 'ES-T1070SJ-GR', 'WM TWINTUB HIJAB 9 KG', '0.46', 0, 1, '2026-03-02 02:05:35', 0, NULL),
(427, 'ES-T1090-BK', 'WASHING MACHINE TWIN', '0.51', 0, 1, '2026-03-02 02:05:35', 0, NULL),
(428, 'ES-T1090-PK', 'WASHING MACHINE TWIN', '0.51', 0, 1, '2026-03-02 02:05:35', 0, NULL),
(429, 'ES-T1090-VK', 'WASHING MACHINE TWIN TUB LOCAL', '0.51', 0, 1, '2026-03-02 02:05:35', 0, NULL),
(430, 'ES-T1270SJ-BL', 'WASHING MACHINE TWIN TUB LOCAL', '0.53', 0, 1, '2026-03-02 02:05:35', 0, NULL),
(431, 'ES-T1270SJ-PK', 'WM TWINTUB HIJAB PIN', '0.34', 0, 1, '2026-03-02 02:05:35', 0, NULL),
(432, 'ES-T1290WA-BL', 'WASHING MACHINE TWIN TUB LOCAL', '0.61', 0, 1, '2026-03-02 02:05:35', 0, NULL),
(433, 'ES-T1290WA-PK', 'WASHING AMCHINE TWIN TUB LOCAL', '0.61', 0, 1, '2026-03-02 02:05:35', 0, NULL),
(434, 'ES-T1490WA-BL', 'WASHING AMCHINE TWIN TUB LOCAL', '0.61', 0, 1, '2026-03-02 02:05:35', 0, NULL),
(435, 'ES-T1490WA-RD', 'WASHING MACHINE TWIN TUB LOCAL', '0.61', 0, 1, '2026-03-02 02:05:35', 0, NULL),
(436, 'ES-T65NT-BL', 'WM TWINTUB NT SERIES', '0.33', 0, 1, '2026-03-02 02:05:35', 0, NULL),
(437, 'ES-T65NT-GY', 'WM TWINTUB NT SERIES', '0.33', 0, 1, '2026-03-02 02:05:35', 0, NULL),
(438, 'ES-T68MW-PK', 'WASHING MACHINE TWIN TUB LOCAL', '0.35', 0, 1, '2026-03-02 02:05:35', 0, NULL),
(439, 'ES-T70MW-BL', 'WASHING MACHINE TWIN', '0.34', 0, 1, '2026-03-02 02:05:35', 0, NULL),
(440, 'ES-T70MW-LC', 'WASHING MACHINE TWIN', '0.34', 0, 1, '2026-03-02 02:05:35', 0, NULL),
(441, 'ES-T70MW-PK', 'WASHING MACHINE TWIN', '0.34', 0, 1, '2026-03-02 02:05:35', 0, NULL),
(442, 'ES-T75NT-BL', 'WM TWINTUB NT SERIES', '0.33', 0, 1, '2026-03-02 02:05:35', 0, NULL),
(443, 'ES-T75NT-GY', 'WM TWINTUB NT SERIES', '0.34', 0, 1, '2026-03-02 02:05:35', 0, NULL),
(444, 'ES-T75NT-PK', 'WM TWINTUB NT SERIES', '0.33', 0, 1, '2026-03-02 02:05:35', 0, NULL),
(445, 'ES-T77DA-BK', 'WASHING MACHINE TWIN TUB LOCAL', '0.44', 0, 1, '2026-03-02 02:05:35', 0, NULL),
(446, 'ES-T77DA-RK', 'WASHING MACHINE TWIN TUB LOCAL', '0.44', 0, 1, '2026-03-02 02:05:35', 0, NULL),
(447, 'ES-T79SJ-BL', 'WASHING MACHINE TWIN TUB LOCAL', '0.35', 0, 1, '2026-03-02 02:05:35', 0, NULL),
(448, 'ES-T79SJ-LCT', 'WASHING MACHINE TWIN TUB LOCAL', '0.35', 0, 1, '2026-03-02 02:05:35', 0, NULL),
(449, 'ES-T79SJ-PK', 'WASHING MACHINE TWIN TUB LOCAL', '0.35', 0, 1, '2026-03-02 02:05:35', 0, NULL),
(450, 'ES-T80MW-BK', 'WASHING MACHINE TWIN TUB LOCAL', '0.35', 0, 1, '2026-03-02 02:05:35', 0, NULL),
(451, 'ES-T80MW-HK', 'WASHING MACHINE TWIN TUB LOCAL', '0.35', 0, 1, '2026-03-02 02:05:35', 0, NULL),
(452, 'ES-T80MW-PK', 'WASHING MACHINE TWIN TUB LOCAL', '0.35', 0, 1, '2026-03-02 02:05:35', 0, NULL),
(453, 'ES-T85CR-BK', 'WASHING MACHINE TWIN TUB LOCAL', '0.45', 0, 1, '2026-03-02 02:05:35', 0, NULL),
(454, 'ES-T85CR-PK', 'WASHING MACHINE TWIN TUB LOCAL', '0.45', 0, 1, '2026-03-02 02:05:35', 0, NULL),
(455, 'ES-T85CR-VK', 'WASHING MACHINE TWIN TUB LOCAL', '0.45', 0, 1, '2026-03-02 02:05:35', 0, NULL),
(456, 'ES-T85NT-LC', 'WASHING MACHINE TWIN', '0.46', 0, 1, '2026-03-02 02:05:35', 0, NULL),
(457, 'ES-T85NT-PK', 'WASHING MACHINE TWIN', '0.46', 0, 1, '2026-03-02 02:05:35', 0, NULL),
(458, 'ES-T86CL-HK', 'WASHING MACHINE TWIN TUB LOCAL', '0.48', 0, 1, '2026-03-02 02:05:35', 0, NULL),
(459, 'ES-T871DM-BL', 'WM TWIN TUBE 8 KG', '0.51', 0, 1, '2026-03-02 02:05:35', 0, NULL),
(460, 'ES-T871DM-PK', 'WASHING MACHINE TWIN TUB 8 KG (PINK)', '0.51', 0, 1, '2026-03-02 02:05:35', 0, NULL),
(461, 'ES-T90MW-BK', 'WASHING MACHINE TWIN TUB LOCAL', '0.45', 0, 1, '2026-03-02 02:05:35', 0, NULL),
(462, 'ES-T90MW-HK', 'WASHING MACHINE TWIN TUB LOCAL', '0.45', 0, 1, '2026-03-02 02:05:35', 0, NULL),
(463, 'ES-T90MW-PK', 'WASHING MACHINE TWIN TUB LOCAL', '0.45', 0, 1, '2026-03-02 02:05:35', 0, NULL),
(464, 'ES-T95CR-BK', 'WASHING MACHINE TWIN TUB LOCAL', '0.45', 0, 1, '2026-03-02 02:05:35', 0, NULL),
(465, 'ES-T95CR-PK', 'WASHING MACHINE TWIN TUB LOCAL', '0.45', 0, 1, '2026-03-02 02:05:35', 0, NULL),
(466, 'ES-T95CR-VK', 'WASHING MACHINE TWIN TUB LOCAL', '0.45', 0, 1, '2026-03-02 02:05:35', 0, NULL),
(467, 'ES-T95NT-LC', 'WASHING MACHINE TWIN', '0.46', 0, 1, '2026-03-02 02:05:35', 0, NULL),
(468, 'ES-T95NT-PK', 'WASHING MACHINE TWIN', '0.42', 0, 1, '2026-03-02 02:05:35', 0, NULL),
(469, 'ES-T96CL-HK', 'WASHING MACHINE TWIN TUB LOCAL', '0.46', 0, 1, '2026-03-02 02:05:35', 0, NULL),
(470, 'ES-T971DM-BL', 'WM TWIN TUBE 9 KG', '0.51', 0, 1, '2026-03-02 02:05:35', 0, NULL),
(471, 'ES-T971DM-PK', 'WM TWIN TUBE 9 KG', '0.51', 0, 1, '2026-03-02 02:05:35', 0, NULL),
(472, 'FJ-M186A-HS', 'STANDING FREEZER', '0.50', 0, 1, '2026-03-02 02:05:35', 0, NULL),
(473, 'FJ-M198A-HS', 'STANDING FREEZER', '0.56', 0, 1, '2026-03-02 02:05:35', 0, NULL),
(474, 'FP-F30Y-A', 'AIR PURIFIER FOR 21M', '0.06', 0, 1, '2026-03-02 02:05:35', 0, NULL),
(475, 'FP-F30Y-C', 'AIR PURIFIER FOR 21M', '0.06', 0, 1, '2026-03-02 02:05:35', 0, NULL),
(476, 'FP-F30Y-H', 'AIR PURIFIER', '0.06', 0, 1, '2026-03-02 02:05:35', 0, NULL),
(477, 'FP-F40Y-W', 'AIR PURIFIER FOR 30M2', '0.07', 0, 1, '2026-03-02 02:05:35', 0, NULL),
(478, 'FP-J30Y-A', 'AIR PURIFIER', '0.06', 0, 1, '2026-03-02 02:05:35', 0, NULL),
(479, 'FP-J30Y-B', 'AIR PURIFIER 23M2 EN', '0.06', 0, 1, '2026-03-02 02:05:35', 0, NULL),
(480, 'FP-J50Y-H', 'AIR PURIFIER', '0.10', 0, 1, '2026-03-02 02:05:35', 0, NULL),
(481, 'FP-JM30Y-B', 'AIR PURIFIER MOSQUIT', '0.08', 0, 1, '2026-03-02 02:05:35', 0, NULL),
(482, 'FP-S40Y-W', 'AIR PURIFIER', '0.04', 0, 1, '2026-03-02 02:05:35', 0, NULL),
(483, 'FP-S42Y-L', 'AIR PURIFIER PUREFIT 30M2 AIOT GRAY', '0.04', 0, 1, '2026-03-02 02:05:35', 0, NULL),
(484, 'FRV-150X', 'CHEST FREEZER', '0.40', 0, 1, '2026-03-02 02:05:35', 0, NULL),
(485, 'FRV-200', 'CHEST FREEZER', '0.59', 0, 1, '2026-03-02 02:05:35', 0, NULL),
(486, 'FRV-210X', 'CHEST FREEZER', '0.51', 0, 1, '2026-03-02 02:05:35', 0, NULL),
(487, 'FRV-300', 'CHEST FREEZER', '0.69', 0, 1, '2026-03-02 02:05:35', 0, NULL),
(488, 'FRV-310X', 'CHEST FREEZER', '0.68', 0, 1, '2026-03-02 02:05:35', 0, NULL),
(489, 'FRV-450', 'CHEST FREEZER', '1.13', 0, 1, '2026-03-02 02:05:35', 0, NULL),
(490, 'FRV-600', 'CHEST FREEZER', '1.46', 0, 1, '2026-03-02 02:05:35', 0, NULL),
(491, 'FRW-210', 'CHEST FREEZER', '0.55', 0, 1, '2026-03-02 02:05:35', 0, NULL),
(492, 'FX-S120Y-H', 'SMALL TOWER AIR PURI', '0.12', 0, 1, '2026-03-02 02:05:35', 0, NULL),
(493, 'FX-S120Y-W', 'SMALL TOWER AIR PURI', '0.12', 0, 1, '2026-03-02 02:05:35', 0, NULL),
(494, 'KC-F30Y-W', 'KIREON AIR PURIFIER', '0.07', 0, 1, '2026-03-02 02:05:35', 0, NULL),
(495, 'KF-MP42WH', 'AIR FRYER MECHANICAL', '0.04', 0, 1, '2026-03-02 02:05:35', 0, NULL),
(496, 'KS-B18MG-BL', 'RICE COOKER', '0.03', 0, 1, '2026-03-02 02:05:35', 0, NULL),
(497, 'KS-B18MG-GR', 'RICE COOKER', '0.03', 0, 1, '2026-03-02 02:05:35', 0, NULL),
(498, 'KS-B18MG-GY', 'RICE COOKER', '0.03', 0, 1, '2026-03-02 02:05:35', 0, NULL),
(499, 'KS-B18MG-RD', 'RICE COOKER', '0.03', 0, 1, '2026-03-02 02:05:35', 0, NULL),
(500, 'KS-DI18-SL', 'RICE COOKER', '0.05', 0, 1, '2026-03-02 02:05:35', 0, NULL),
(501, 'KS-DS18-WH', 'RICE COOKER', '0.05', 0, 1, '2026-03-02 02:05:35', 0, NULL),
(502, 'KS-DT07-WH', 'RICE COOKER', '0.03', 0, 1, '2026-03-02 02:05:35', 0, NULL),
(503, 'KS-DW18-BK', 'RICE COOKER', '0.05', 0, 1, '2026-03-02 02:05:35', 0, NULL),
(504, 'KS-G18MH-BL', 'RICE COOKER MECHANIC', '0.32', 0, 1, '2026-03-02 02:05:35', 0, NULL),
(505, 'KS-G18MH-BZ', 'RICE COOKER MECHANIC', '0.03', 0, 1, '2026-03-02 02:05:35', 0, NULL),
(506, 'KS-G18MP-WT', 'RICE COOKER MECHANIC', '0.03', 0, 1, '2026-03-02 02:05:35', 0, NULL),
(507, 'KSH-777', 'RICE COOKER', '0.03', 0, 1, '2026-03-02 02:05:35', 0, NULL),
(508, 'KS-N18ME-C', 'RICE COOKER', '0.03', 0, 1, '2026-03-02 02:05:35', 0, NULL),
(509, 'KS-N18MG-PK', 'RICE COOKER', '0.03', 0, 1, '2026-03-02 02:05:35', 0, NULL),
(510, 'KS-N18MG-RD', 'RICE COOKER', '0.03', 0, 1, '2026-03-02 02:05:35', 0, NULL),
(511, 'KS-N18MG-SL', 'RICE COOKER', '0.03', 0, 1, '2026-03-02 02:05:35', 0, NULL),
(512, 'KS-R18MS-BR', 'RICE COOKER', '0.03', 0, 1, '2026-03-02 02:05:35', 0, NULL),
(513, 'KS-R18MS-PK', 'RICE COOKER', '0.03', 0, 1, '2026-03-02 02:05:35', 0, NULL),
(514, 'KS-T18TL-GR', 'RICE COOKER', '0.03', 0, 1, '2026-03-02 02:05:35', 0, NULL),
(515, 'KS-T18TL-RD', 'RICE COOKER', '0.03', 0, 1, '2026-03-02 02:05:35', 0, NULL),
(516, 'KS-T18TL-ST', 'RICE COOKER', '0.03', 0, 1, '2026-03-02 02:05:35', 0, NULL),
(517, 'KS-TH18-RD', 'RICE COOKER', '0.04', 0, 1, '2026-03-02 02:05:35', 0, NULL),
(518, 'PB2-0509', 'PIPA AC FLARING 5M   BRACKET 1/2 - 1 PK', '0.03', 0, 1, '2026-03-02 02:05:35', 0, NULL),
(519, 'PB4-0509', 'PIPA AC FLARING 5M   BRACKET 1/2 - 1 PK', '0.09', 0, 1, '2026-03-02 02:05:35', 0, NULL),
(520, 'PJ-A36TY-B', 'AIR COOLER 6 LITER', '0.11', 0, 1, '2026-03-02 02:05:35', 0, NULL),
(521, 'PJ-A36TY-W', 'AIR COOLER 6 LITER', '0.11', 0, 1, '2026-03-02 02:05:35', 0, NULL),
(522, 'PJ-A55TY-B', 'AIR COOLER 5 LITER', '0.14', 0, 1, '2026-03-02 02:05:35', 0, NULL),
(523, 'PJ-A55TY-W', 'AIR COOLER 5 LITER', '0.14', 0, 1, '2026-03-02 02:05:35', 0, NULL),
(524, 'PJ-A77TY-B', 'AIR COOLER 7 LITER', '0.20', 0, 1, '2026-03-02 02:05:35', 0, NULL),
(525, 'PJ-R34TY-B', 'AIR COOLER 4 LITER', '0.07', 0, 1, '2026-03-02 02:05:35', 0, NULL),
(526, 'PJ-R76TY-B', 'AIR COOLER 4 LITER', '0.14', 0, 1, '2026-03-02 02:05:35', 0, NULL),
(527, 'R-201MRS-BL', 'PORTABLE AUDIO WITH', '0.06', 0, 1, '2026-03-02 02:05:35', 0, NULL),
(528, 'R-201MRS-BW', 'PORTABLE AUDIO WITH', '0.06', 0, 1, '2026-03-02 02:05:35', 0, NULL),
(529, 'R-201MRS-PK', 'PORTABLE AUDIO WITH', '0.06', 0, 1, '2026-03-02 02:05:35', 0, NULL),
(530, 'R-201MRS-RD', 'PORTABLE AUDIO WITH', '0.06', 0, 1, '2026-03-02 02:05:35', 0, NULL),
(531, 'R-21D0(S)-IN', 'MICROWAVE OVEN', '0.08', 0, 1, '2026-03-02 02:05:35', 0, NULL),
(532, 'R-220MFB-BK', 'MICROWAVE SOLO 20L', '0.07', 0, 1, '2026-03-02 02:05:35', 0, NULL),
(533, 'R-223DA-BK', 'MICROWAVE OVEN STANDART', '0.08', 0, 1, '2026-03-02 02:05:35', 0, NULL),
(534, 'R-223MA-BK', 'MICROWAVE OVEN STANDART', '0.08', 0, 1, '2026-03-02 02:05:35', 0, NULL),
(535, 'R-225DFB-BK', 'MICROWAVE OVEN STANDART', '0.08', 0, 1, '2026-03-02 02:05:35', 0, NULL),
(536, 'R-650GX(BS)', 'MICROWAVE OVEN GRILL', '0.08', 0, 1, '2026-03-02 02:05:35', 0, NULL),
(537, 'R-725DA-BK', 'MICROWAVE OVEN GRILL', '0.10', 0, 1, '2026-03-02 02:05:35', 0, NULL),
(538, 'R-728(K)-IN', 'MICROWAVE OVEN', '0.10', 0, 1, '2026-03-02 02:05:35', 0, NULL),
(539, 'R-728(S)-IN', 'MICROWAVE OVEN', '0.10', 0, 1, '2026-03-02 02:05:35', 0, NULL),
(540, 'R-728(W)-IN', 'MICROWAVE OVEN', '0.19', 0, 1, '2026-03-02 02:05:35', 0, NULL),
(541, 'R-735MT(K)', 'MICROWAVE OVEN', '0.10', 0, 1, '2026-03-02 02:05:35', 0, NULL),
(542, 'R-735MT(S)', 'MICROWAVE OVEN', '0.30', 0, 1, '2026-03-02 02:05:35', 0, NULL),
(543, 'SCH-170FS', 'SHOWCASE REFRIGERATOR', '0.45', 0, 1, '2026-03-02 02:05:35', 0, NULL),
(544, 'SCH-210FS', 'SHOWCASE REFRIGERATOR', '0.53', 0, 1, '2026-03-02 02:05:35', 0, NULL),
(545, 'SCH-250FS', 'SHOWCASE REFRIGERATOR', '0.59', 0, 1, '2026-03-02 02:05:35', 0, NULL),
(546, 'SJ-195MD-SB', '6.7 INCH FHD QUAD C', '0.38', 0, 1, '2026-03-02 02:05:35', 0, NULL),
(547, 'SJ-195MD-SR2', 'REFRIGERATOR LOKAL 2', '0.47', 0, 1, '2026-03-02 02:05:35', 0, NULL),
(548, 'SJ-195MD-SY', 'REFRIGERATOR LOKAL 2', '0.38', 0, 1, '2026-03-02 02:05:35', 0, NULL),
(549, 'SJ-195MN-HS', 'REFRIGERATOR LOKAL 2', '0.47', 0, 1, '2026-03-02 02:05:35', 0, NULL),
(550, 'SJ-197ND-VB2', 'REFRIGERATOR LOKAL', '0.47', 0, 1, '2026-03-02 02:05:35', 0, NULL),
(551, 'SJ-197ND-VP2', 'REFRIGERATOR LOKAL 2', '0.47', 0, 1, '2026-03-02 02:05:35', 0, NULL),
(552, 'SJ-236MG-GB', 'REFRIFERATOR LOCAL 2 DOOR', '0.56', 0, 1, '2026-03-02 02:05:35', 0, NULL),
(553, 'SJ-236MG-GR', 'REFRIGERATOR LOCAL 2 DOOR', '0.55', 0, 1, '2026-03-02 02:05:35', 0, NULL),
(554, 'SJ-236MN-HS', 'REFRIGERATOR LOCAL 2', '0.54', 0, 1, '2026-03-02 02:05:35', 0, NULL),
(555, 'SJ-237MG-DB', '2 DOOR REFRIGERATOR', '0.55', 0, 1, '2026-03-02 02:05:35', 0, NULL),
(556, 'SJ-237MG-DP', '2 DOOR REFRIGERATOR', '0.55', 0, 1, '2026-03-02 02:05:35', 0, NULL),
(557, 'SJ-237ND-AB', 'REFRIGERATOR LOCAL 2', '0.56', 0, 1, '2026-03-02 02:05:35', 0, NULL),
(558, 'SJ-237ND-AP', 'REFRIGERATOR LOCAL 2', '0.56', 0, 1, '2026-03-02 02:05:35', 0, NULL),
(559, 'SJ-246SI-GK', 'REFRIGERATOR LOCAL 2 DOOR', '0.60', 0, 1, '2026-03-02 02:05:35', 0, NULL),
(560, 'SJ-246XG-MR', 'REFRIGERATOR LOCAL 2 DOOR', '0.58', 0, 1, '2026-03-02 02:05:35', 0, NULL),
(561, 'SJ-246XG-MS', 'REFRIGERATOR LOCAL 2 DOOR', '0.58', 0, 1, '2026-03-02 02:05:35', 0, NULL),
(562, 'SJ-246XI-MK', 'REFRIGERATOR LOCAL 2 DOOR', '0.58', 0, 1, '2026-03-02 02:05:35', 0, NULL),
(563, 'SJ-316MG-GB', 'REFRIFERATOR LOCAL 2 DOOR', '0.65', 0, 1, '2026-03-02 02:05:35', 0, NULL),
(564, 'SJ-316MG-GR', 'REFRIGERATOR LOCAL 2 DOOR', '0.65', 0, 1, '2026-03-02 02:05:35', 0, NULL),
(565, 'SJ-316MN-HS', 'REFRIGERATOR LOKAL 2', '0.65', 0, 1, '2026-03-02 02:05:35', 0, NULL),
(566, 'SJ-317MG-DB', '2 DOOR REFRIGERATOR', '0.64', 0, 1, '2026-03-02 02:05:35', 0, NULL),
(567, 'SJ-317MG-DP', '2 DOOR REFRIGERATOR', '0.64', 0, 1, '2026-03-02 02:05:35', 0, NULL),
(568, 'SJ-326SI-GK', 'REFRIGERATOR LOCAL 2 DOOR', '0.72', 0, 1, '2026-03-02 02:05:35', 0, NULL),
(569, 'SJ-326XG-MR', 'REFRIGERATOR LOCAL 2 DOOR', '0.67', 0, 1, '2026-03-02 02:05:35', 0, NULL),
(570, 'SJ-326XG-MS', 'REFRIGERATOR LOCAL 2 DOOR', '0.67', 0, 1, '2026-03-02 02:05:35', 0, NULL),
(571, 'SJ-326XI-MK', 'REFRIGERATOR LOCAL 2 DOOR', '0.68', 0, 1, '2026-03-02 02:05:35', 0, NULL),
(572, 'SJ-356SI-DS', 'REFRIGERATOR LOCAL 2 DOOR', '0.78', 0, 1, '2026-03-02 02:05:35', 0, NULL),
(573, 'SJ-386SI-DS', 'REFRIGERATOR LOCAL 2 DOOR', '0.84', 0, 1, '2026-03-02 02:05:35', 0, NULL),
(574, 'SJ-420GP-SD', 'REFRIGERATOR LOCAL 2 DOOR', '0.76', 0, 1, '2026-03-02 02:05:35', 0, NULL),
(575, 'SJ-426GI-GW', 'REFRIGERATOR LOCAL 2 DOOR', '0.87', 0, 1, '2026-03-02 02:05:35', 0, NULL),
(576, 'SJ-426GI-MK', 'REFRIGERATOR LOCAL 2 DOOR', '0.88', 0, 1, '2026-03-02 02:05:35', 0, NULL),
(577, 'SJ-426GI-MS', 'REFRIGERATOR LOCAL 2 DOOR', '0.88', 0, 1, '2026-03-02 02:05:35', 0, NULL),
(578, 'SJ-426SI-GK', 'REFRIGERATOR LOCAL 2 DOOR', '0.84', 0, 1, '2026-03-02 02:05:35', 0, NULL),
(579, 'SJ-450GP-SD', 'REFRIGERATOR LOCAL 2 DOOR', '0.79', 0, 1, '2026-03-02 02:05:35', 0, NULL),
(580, 'SJ-456GI-GW', 'REFRIGERATOR LOCAL 2', '0.91', 0, 1, '2026-03-02 02:05:35', 0, NULL),
(581, 'SJ-456GI-MK', 'REFRIGERATOR LOCAL 2 DOOR', '0.91', 0, 1, '2026-03-02 02:05:35', 0, NULL),
(582, 'SJ-456GI-MS', 'REFRIGERATOR LOCAL 2 DOOR', '0.92', 0, 1, '2026-03-02 02:05:35', 0, NULL),
(583, 'SJ-456SI-GK', 'REFRIGERATOR LOCAL 2 DOOR', '0.68', 0, 1, '2026-03-02 02:05:35', 0, NULL),
(584, 'SJ-50MB-XB', 'MINI BAR REFRIGERATOR', '0.12', 0, 1, '2026-03-02 02:05:35', 0, NULL),
(585, 'SJ-50MB-XW', 'MINI BAR REFRIGERATOR', '0.12', 0, 1, '2026-03-02 02:05:35', 0, NULL),
(586, 'SJ-IF50PMA-DS', 'MINI BAR REFRIGERATOR', '1.17', 0, 1, '2026-03-02 02:05:35', 0, NULL),
(587, 'SJ-IF50PM-DS', '4 DOOR REFRIGERATOR', '1.19', 0, 1, '2026-03-02 02:05:35', 0, NULL),
(588, 'SJ-IF51PG-BK', '4 DOOR REFRIGERATOR', '1.19', 0, 1, '2026-03-02 02:05:35', 0, NULL),
(589, 'SJ-IF51PG-CG', '4 DOOR REFRIGERATOR', '1.19', 0, 1, '2026-03-02 02:05:35', 0, NULL),
(590, 'SJ-IF61PG-BK', '4 DOOR REFRIGERATOR', '1.19', 0, 1, '2026-03-02 02:05:35', 0, NULL),
(591, 'SJ-IF90PM-DS', '4 DOOR REFRIGERATOR', '1.55', 0, 1, '2026-03-02 02:05:35', 0, NULL),
(592, 'SJ-IFX94PG-CG', '4 DOOR REFRIGERATOR', '1.74', 0, 1, '2026-03-02 02:05:35', 0, NULL),
(593, 'SJ-IG571PG-BK', '4 DOOR REFRIGERATOR IMPORT', '0.94', 0, 1, '2026-03-02 02:05:35', 0, NULL),
(594, 'SJ-IS50MA-SL', 'REFRIGERATOR SIDE BY', '1.15', 0, 1, '2026-03-02 02:05:35', 0, NULL),
(595, 'SJ-IS61GA-BK', 'REFRIGERATOR SIDE BY', '1.30', 0, 1, '2026-03-02 02:05:35', 0, NULL),
(596, 'SJ-IS70PMA-DS', 'REFRIGERATOR SIDE BY', '1.38', 0, 1, '2026-03-02 02:05:35', 0, NULL),
(597, 'SJ-IS71PGA-BK', 'REFRIGERATOR SIDE BY', '1.38', 0, 1, '2026-03-02 02:05:35', 0, NULL),
(598, 'SJ-IT620PM-DS', 'REFRIGERATOR SIDE BY', '1.00', 0, 1, '2026-03-02 02:05:35', 0, NULL),
(599, 'SJ-IT660PM-DS', 'REFRIGERATOR SIDE BY', '1.07', 0, 1, '2026-03-02 02:05:35', 0, NULL),
(600, 'SJ-N162D-AB', 'REFRIGERATOR LOCAL 1', '0.37', 0, 1, '2026-03-02 02:05:35', 0, NULL),
(601, 'SJ-N162D-AP', 'REFRIGERATOR LOCAL 1', '0.37', 0, 1, '2026-03-02 02:05:35', 0, NULL),
(602, 'SJ-N162D-SB', 'REFRIGERATOR LOCAL 1', '0.37', 0, 1, '2026-03-02 02:05:35', 0, NULL),
(603, 'SJ-N162D-SH', 'REFRIGERATOR LOCAL 1', '0.37', 0, 1, '2026-03-02 02:05:35', 0, NULL),
(604, 'SJ-N162D-SP', 'REFRIGERATOR LOCAL 1', '0.37', 0, 1, '2026-03-02 02:05:35', 0, NULL),
(605, 'SJ-N162D-VB', 'REFRIGERATOR LOCAL 1', '0.37', 0, 1, '2026-03-02 02:05:35', 0, NULL),
(606, 'SJ-N162D-VR', 'REFRIGERATOR LOCAL 1', '0.37', 0, 1, '2026-03-02 02:05:35', 0, NULL),
(607, 'SJ-N162N-HS', 'REFRIGERATOR LOCAL 1', '0.36', 0, 1, '2026-03-02 02:05:35', 0, NULL),
(608, 'SJ-N182D-AB', 'REFRIGERATOR LOCAL 1', '0.41', 0, 1, '2026-03-02 02:05:35', 0, NULL),
(609, 'SJ-N182D-SB', 'REFRIGERATOR LOCAL 1', '0.41', 0, 1, '2026-03-02 02:05:35', 0, NULL),
(610, 'SJ-N182D-SH', 'REFRIGERATOR LOCAL 1', '0.41', 0, 1, '2026-03-02 02:05:35', 0, NULL),
(611, 'SJ-N182D-SP', 'REFRIGERATOR LOCAL 1', '0.41', 0, 1, '2026-03-02 02:05:35', 0, NULL),
(612, 'SJ-N182D-VB', 'REFRIGERATOR LOCAL 1', '0.41', 0, 1, '2026-03-02 02:05:35', 0, NULL),
(613, 'SJ-N182D-VR', 'REFRIGERATOR LOCAL 1', '0.41', 0, 1, '2026-03-02 02:05:35', 0, NULL),
(614, 'SJ-N182N-HS', 'REFRIGERATOR LOKAL 1', '0.41', 0, 1, '2026-03-02 02:05:35', 0, NULL),
(615, 'SJ-N192D-SB', 'REFRIGERATOR LOCAL 1', '0.45', 0, 1, '2026-03-02 02:05:35', 0, NULL),
(616, 'SJ-N192D-SH', 'REFRIGERATOR LOCAL 1', '0.45', 0, 1, '2026-03-02 02:05:35', 0, NULL),
(617, 'SJ-N192D-SP', 'REFRIGERATOR LOCAL 1', '0.45', 0, 1, '2026-03-02 02:05:35', 0, NULL),
(618, 'SJ-N192D-VB', 'REFRIGERATOR LOCAL 1', '0.45', 0, 1, '2026-03-02 02:05:35', 0, NULL),
(619, 'SJ-N192D-VR', 'REFRIGERATOR LOCAL 1', '0.45', 0, 1, '2026-03-02 02:05:35', 0, NULL),
(620, 'SJ-N192N-HS', 'REFRIGERATOR LOCAL 1', '0.44', 0, 1, '2026-03-02 02:05:35', 0, NULL),
(621, 'SJ-X165MG-GB', 'REFRIGERATOR LOCAL 1', '0.37', 0, 1, '2026-03-02 02:05:35', 0, NULL),
(622, 'SJ-X165MG-GR', 'REFRIGERATOR LOCAL 1 DOOR', '0.37', 0, 1, '2026-03-02 02:05:35', 0, NULL),
(623, 'SJ-X167MG-DB', 'REFRIGERATOR LOCAL 1', '0.37', 0, 1, '2026-03-02 02:05:35', 0, NULL),
(624, 'SJ-X167MG-DP', 'REFRIGERATOR LOCAL 1', '0.37', 0, 1, '2026-03-02 02:05:35', 0, NULL),
(625, 'SJ-X185MG-GB', 'REFRIGERATOR LOCAL 1 DOOR', '0.41', 0, 1, '2026-03-02 02:05:35', 0, NULL),
(626, 'SJ-X185MG-GR', 'REFRIGERATOR LOCAL 1 DOOR', '0.41', 0, 1, '2026-03-02 02:05:35', 0, NULL),
(627, 'SJ-X187MG-DB', 'REFRIGERATOR LOCAL 1', '0.42', 0, 1, '2026-03-02 02:05:35', 0, NULL),
(628, 'SJ-X187MG-DP', 'REFRIGERATOR LOCAL 1', '0.42', 0, 1, '2026-03-02 02:05:35', 0, NULL),
(629, 'SJ-X195MG-GB', 'REFRIGERATOR LOCAL 1 DOOR', '0.45', 0, 1, '2026-03-02 02:05:35', 0, NULL),
(630, 'SJ-X195MG-GR', 'REFRIGERATOR LOCAL 1 DOOR', '0.45', 0, 1, '2026-03-02 02:05:35', 0, NULL),
(631, 'SJ-X197MG-DB', 'REFRIGERATOR LOCAL 1', '0.46', 0, 1, '2026-03-02 02:05:35', 0, NULL),
(632, 'SJ-X197MG-DP', 'REFRIGERATOR LOCAL 1', '0.46', 0, 1, '2026-03-02 02:05:35', 0, NULL),
(633, 'SJ-X197W-DW', 'REFRIGERATOR LOCAL 1', '0.46', 0, 1, '2026-03-02 02:05:35', 0, NULL),
(634, 'SJ-X197W-SB', 'REFRIGERATOR LOCAL 1', '0.46', 0, 1, '2026-03-02 02:05:35', 0, NULL),
(635, 'SWD-66EHL-BP', 'WATER DISPENSER', '0.16', 0, 1, '2026-03-02 02:05:35', 0, NULL),
(636, 'SWD-66EHL-BS', 'WATER DISPENSER', '0.16', 0, 1, '2026-03-02 02:05:35', 0, NULL),
(637, 'SWD-72EHL-BK', 'WATER DISPENSER', '0.16', 0, 1, '2026-03-02 02:05:35', 0, NULL),
(638, 'SWD-72EHL-WH', 'WATER DISPENSER', '0.16', 0, 1, '2026-03-02 02:05:35', 0, NULL),
(639, 'SWD-73EHL-BK', 'WATER DISPENSER', '0.16', 0, 1, '2026-03-02 02:05:35', 0, NULL),
(640, 'SWD-75EHL-SL', 'WATER DISPENSER', '0.16', 0, 1, '2026-03-02 02:05:35', 0, NULL),
(641, 'SWD-78EHL-SL', 'WATER DISPENSER', '0.16', 0, 1, '2026-03-02 02:05:35', 0, NULL),
(642, 'SWD-80EHL-BK', 'WATER DISPENSER', '0.16', 0, 1, '2026-03-02 02:05:35', 0, NULL),
(643, 'SWD-83EHL-SL', 'DISPENSER BOTTOM TRI', '0.16', 0, 1, '2026-03-02 02:05:35', 0, NULL),
(644, 'SWD-88EHL-BK', 'DISPENSER BOTTOM TRI', '0.16', 0, 1, '2026-03-02 02:05:35', 0, NULL),
(645, 'SWD-88EHL-SL', 'DISPENSER BOTTOM TRI', '0.16', 0, 1, '2026-03-02 02:05:35', 0, NULL),
(646, 'AC INDOOR', 'AH-AP5BMY2', '0.07', 0, 1, '2026-03-02 03:45:39', 1, '2026-03-02 10:51:03'),
(647, 'AIR CONDITIONER', 'AU-A5BMY', '0.15', 0, 1, '2026-03-02 03:46:11', 1, '2026-03-02 10:51:01'),
(648, 'AH-AP5BMY2', 'AIR CONDITIONER', '0.07', 0, 1, '2026-03-02 04:01:02', 0, NULL),
(649, 'AU-A5BMY', 'AIR CONDITIONER', '0.15', 0, 1, '2026-03-02 04:02:39', 0, NULL),
(650, '4T-65HJ6000I', 'LED-TV 65', '0.22', 0, 1, '2026-03-02 04:06:19', 0, NULL),
(651, 'ES-M1008T-SAK', 'WM TOP LOADING MEGAMOUTH 10KG', '0.50', 0, 1, '2026-03-02 04:12:27', 0, NULL),
(652, 'FP-F40Y-T', 'AIR PURIFIER FOR 30M2 CHOCLATE BROWN', '0.07', 0, 1, '2026-03-02 09:50:15', 0, NULL),
(653, 'FP-J40Y-W', 'AIR PURIFIER FOR 30 M2', '0.10', 0, 1, '2026-03-02 09:51:07', 0, NULL),
(654, 'R-220MA-WH', 'MICROWAVE SOLO 20L', '0.05', 0, 1, '2026-03-02 10:03:05', 0, NULL),
(655, 'EO-32BK', 'ELECTRIC OVEN 32 LITER', '0.11', 0, 1, '2026-03-02 11:21:29', 0, NULL);

-- --------------------------------------------------------

--
-- Table structure for table `manifests`
--

CREATE TABLE `manifests` (
  `id` int NOT NULL,
  `manifest_number` varchar(100) COLLATE utf8mb4_general_ci DEFAULT NULL,
  `arrival_date` date DEFAULT NULL,
  `status` varchar(50) COLLATE utf8mb4_general_ci DEFAULT 'OPEN',
  `created_by` int DEFAULT NULL,
  `description` text COLLATE utf8mb4_general_ci,
  `created_at` timestamp NOT NULL DEFAULT CURRENT_TIMESTAMP,
  `is_deleted` tinyint(1) DEFAULT '0',
  `deleted_at` datetime DEFAULT NULL
) ENGINE=InnoDB DEFAULT CHARSET=utf8mb4 COLLATE=utf8mb4_general_ci;

--
-- Dumping data for table `manifests`
--

INSERT INTO `manifests` (`id`, `manifest_number`, `arrival_date`, `status`, `created_by`, `description`, `created_at`, `is_deleted`, `deleted_at`) VALUES
(1, 'KRW-260227-308-CB', '2026-03-02', 'CLOSED', NULL, NULL, '2026-03-02 03:34:06', 0, NULL),
(2, 'KRW-260227-308-DS', '2026-03-02', 'CLOSED', NULL, NULL, '2026-03-02 03:34:25', 0, NULL),
(3, 'KRW-260227-213', '2026-03-02', 'OPEN', NULL, NULL, '2026-03-02 03:34:52', 1, '2026-03-02 16:48:31'),
(4, 'KRW-260227-047-CB', '2026-03-02', 'CLOSED', NULL, NULL, '2026-03-02 03:35:18', 0, NULL),
(5, 'KRW-260227-047-DS', '2026-03-02', 'CLOSED', NULL, NULL, '2026-03-02 03:35:31', 0, NULL),
(6, 'KRW-260227-308-CB1', '2026-03-02', 'CLOSED', NULL, NULL, '2026-03-02 03:49:30', 1, '2026-03-02 10:51:10'),
(7, 'JKT-260225-025-DS', '2026-03-02', 'CLOSED', NULL, NULL, '2026-03-02 09:48:50', 0, NULL),
(8, 'KRW-260227-047 (CB)', '2026-03-02', 'OPEN', NULL, NULL, '2026-03-02 10:00:24', 1, '2026-03-02 17:12:47'),
(9, 'KRW-260227-160 (CB)', '2026-03-02', 'CLOSED', NULL, NULL, '2026-03-02 10:01:24', 0, NULL),
(10, 'KRW-260227-213 (CB)', '2026-03-02', 'CLOSED', NULL, NULL, '2026-03-02 10:08:03', 0, NULL),
(11, 'JKT-260225-025 (CB)', '2026-03-02', 'CLOSED', NULL, NULL, '2026-03-02 10:21:45', 0, NULL),
(12, 'KRW-260227-160-DS', '2026-03-02', 'CLOSED', NULL, NULL, '2026-03-02 10:56:32', 0, NULL),
(13, 'KRW-260228-162-DS', '2026-03-02', 'CLOSED', NULL, NULL, '2026-03-02 11:20:21', 0, NULL),
(14, 'KRW-260227-268 (CB)', '2026-03-02', 'CLOSED', NULL, NULL, '2026-03-03 02:25:12', 0, NULL),
(15, 'KRW-260227-213-DS', '2026-03-02', 'CLOSED', NULL, NULL, '2026-03-03 02:27:43', 0, NULL),
(16, 'KRW-260227-268-DS', '2026-03-02', 'CLOSED', NULL, NULL, '2026-03-03 02:31:10', 0, NULL),
(17, 'KRW-260227-359-DS', '2026-03-02', 'CLOSED', NULL, NULL, '2026-03-03 02:33:43', 0, NULL),
(18, 'KRW-260227-359 (CB)', '2026-03-02', 'CLOSED', NULL, NULL, '2026-03-03 02:40:00', 0, NULL),
(19, 'KRW-260228-162 (CB)', '2026-03-02', 'CLOSED', NULL, NULL, '2026-03-03 02:40:31', 0, NULL),
(20, 'KRW-260228-162(CB))', '2026-03-02', 'CLOSED', NULL, NULL, '2026-03-03 02:43:43', 0, NULL);

-- --------------------------------------------------------

--
-- Table structure for table `number_sequences`
--

CREATE TABLE `number_sequences` (
  `id` int NOT NULL,
  `module` varchar(100) COLLATE utf8mb4_general_ci DEFAULT NULL,
  `last_number` int DEFAULT '0',
  `last_month` int DEFAULT '0',
  `last_year` int DEFAULT '0',
  `updated_at` timestamp NOT NULL DEFAULT CURRENT_TIMESTAMP ON UPDATE CURRENT_TIMESTAMP
) ENGINE=InnoDB DEFAULT CHARSET=utf8mb4 COLLATE=utf8mb4_general_ci;

-- --------------------------------------------------------

--
-- Table structure for table `opening_batches`
--

CREATE TABLE `opening_batches` (
  `id` int NOT NULL,
  `batch_number` varchar(50) COLLATE utf8mb4_general_ci DEFAULT NULL,
  `warehouse_id` int DEFAULT NULL,
  `created_by` int DEFAULT NULL,
  `created_at` datetime DEFAULT CURRENT_TIMESTAMP,
  `is_locked` tinyint DEFAULT '1'
) ENGINE=InnoDB DEFAULT CHARSET=utf8mb4 COLLATE=utf8mb4_general_ci;

--
-- Dumping data for table `opening_batches`
--

INSERT INTO `opening_batches` (`id`, `batch_number`, `warehouse_id`, `created_by`, `created_at`, `is_locked`) VALUES
(2, 'OPEN/20260302020614', 1, 3, '2026-03-02 09:06:14', 1),
(3, 'OPEN/20260302020908', 2, 3, '2026-03-02 09:09:08', 1);

-- --------------------------------------------------------

--
-- Table structure for table `period_locks`
--

CREATE TABLE `period_locks` (
  `id` int NOT NULL,
  `year` int DEFAULT NULL,
  `month` int DEFAULT NULL,
  `is_locked` tinyint(1) DEFAULT '0'
) ENGINE=InnoDB DEFAULT CHARSET=utf8mb4 COLLATE=utf8mb4_general_ci;

-- --------------------------------------------------------

--
-- Table structure for table `stocks`
--

CREATE TABLE `stocks` (
  `id` int NOT NULL,
  `warehouse_id` int DEFAULT NULL,
  `item_id` int DEFAULT NULL,
  `qty_available` int DEFAULT '0',
  `total_cbm` decimal(15,2) DEFAULT '0.00'
) ENGINE=InnoDB DEFAULT CHARSET=utf8mb4 COLLATE=utf8mb4_general_ci;

--
-- Dumping data for table `stocks`
--

INSERT INTO `stocks` (`id`, `warehouse_id`, `item_id`, `qty_available`, `total_cbm`) VALUES
(1, 1, 300, 385, '11.55'),
(2, 1, 301, 90, '5.70'),
(3, 1, 302, 154, '6.16'),
(4, 1, 304, 7, '0.56'),
(5, 1, 305, 5, '0.55'),
(6, 1, 306, 2, '0.44'),
(7, 1, 307, 4, '0.48'),
(8, 1, 308, 5, '0.70'),
(9, 1, 309, 5, '0.75'),
(10, 1, 310, 1, '0.15'),
(11, 1, 311, 4, '0.92'),
(12, 1, 312, 7, '2.59'),
(13, 1, 313, 38, '3.42'),
(14, 1, 314, 25, '3.00'),
(15, 1, 315, 1, '0.14'),
(16, 1, 316, 790, '55.30'),
(17, 1, 317, 42, '3.36'),
(18, 1, 319, 2, '0.14'),
(19, 1, 320, 136, '9.52'),
(20, 1, 321, 11, '0.77'),
(21, 1, 322, 10, '0.90'),
(22, 1, 323, 2, '0.18'),
(23, 1, 324, 8, '0.56'),
(24, 1, 325, 27, '1.89'),
(25, 1, 326, 17, '1.19'),
(26, 1, 328, 17, '1.87'),
(27, 1, 329, 52, '3.64'),
(28, 1, 330, 1, '0.08'),
(29, 1, 331, 1, '0.07'),
(30, 1, 332, 1, '0.09'),
(31, 1, 333, 7, '0.49'),
(32, 1, 334, 1, '0.09'),
(33, 1, 335, 2, '0.35'),
(34, 1, 336, 38, '6.84'),
(35, 1, 337, 25, '4.50'),
(36, 1, 338, 1, '0.47'),
(37, 1, 339, 790, '110.60'),
(38, 1, 340, 42, '5.88'),
(39, 1, 342, 8, '1.20'),
(40, 1, 343, 2, '0.30'),
(41, 1, 344, 211, '29.54'),
(42, 1, 345, 27, '3.78'),
(43, 1, 346, 10, '1.40'),
(44, 1, 347, 2, '0.28'),
(45, 1, 348, 17, '2.38'),
(46, 1, 349, 1, '0.14'),
(47, 1, 351, 1, '0.14'),
(48, 1, 352, 17, '4.42'),
(49, 1, 353, 52, '7.28'),
(50, 1, 354, 7, '0.98'),
(51, 1, 355, 1, '0.14'),
(52, 1, 356, 1, '0.14'),
(53, 1, 357, 2, '0.70'),
(54, 1, 358, 1, '0.14'),
(55, 1, 359, 1, '0.37'),
(56, 1, 360, 6, '0.60'),
(57, 1, 361, 4, '0.60'),
(58, 1, 362, 4, '0.96'),
(59, 1, 363, 1, '0.15'),
(60, 1, 364, 10, '3.00'),
(61, 1, 365, 1, '0.14'),
(62, 1, 366, 2, '0.26'),
(63, 1, 367, 9, '2.61'),
(64, 1, 368, 2, '0.62'),
(65, 1, 369, 6, '1.86'),
(66, 1, 370, 9, '2.43'),
(67, 1, 371, 4, '1.32'),
(68, 1, 372, 2, '0.20'),
(69, 1, 373, 2, '0.22'),
(70, 1, 374, 1, '0.11'),
(71, 1, 375, 5, '0.55'),
(72, 1, 376, 2, '0.36'),
(73, 1, 377, 2, '0.40'),
(74, 1, 378, 1, '0.06'),
(75, 1, 379, 5, '0.40'),
(76, 1, 380, 2, '0.20'),
(77, 1, 381, 16, '0.64'),
(78, 1, 382, 21, '10.50'),
(79, 1, 383, 15, '0.60'),
(80, 1, 384, 6, '0.24'),
(81, 1, 385, 8, '0.40'),
(82, 1, 386, 5, '0.25'),
(83, 1, 387, 6, '0.18'),
(84, 1, 388, 26, '0.00'),
(85, 1, 389, 26, '0.00'),
(86, 1, 390, 15, '0.15'),
(87, 1, 391, 5, '0.05'),
(88, 1, 392, 14, '0.42'),
(89, 1, 393, 1, '0.01'),
(90, 1, 394, 38, '0.38'),
(91, 1, 395, 2, '0.84'),
(92, 1, 396, 8, '0.16'),
(93, 1, 397, 52, '1.04'),
(94, 1, 398, 7, '0.28'),
(95, 1, 399, 22, '0.88'),
(96, 1, 400, 7, '0.07'),
(97, 1, 401, 10, '0.80'),
(98, 1, 402, 2, '0.20'),
(99, 1, 403, 7, '2.24'),
(100, 1, 404, 2, '0.84'),
(101, 1, 405, 7, '1.96'),
(102, 1, 406, 12, '3.84'),
(103, 1, 407, 2, '0.64'),
(104, 1, 408, 7, '2.38'),
(105, 1, 409, 3, '1.23'),
(106, 1, 410, 11, '4.51'),
(107, 1, 411, 7, '2.17'),
(108, 1, 412, 5, '1.95'),
(109, 1, 413, 1, '0.41'),
(110, 1, 414, 4, '1.56'),
(111, 1, 415, 14, '5.60'),
(112, 1, 416, 1, '0.40'),
(113, 1, 417, 16, '6.56'),
(114, 1, 418, 29, '10.73'),
(115, 1, 419, 8, '2.96'),
(116, 1, 420, 40, '15.60'),
(117, 1, 421, 5, '2.00'),
(118, 1, 422, 5, '2.00'),
(119, 1, 424, 4, '1.64'),
(120, 1, 425, 3, '1.20'),
(121, 1, 426, 12, '5.52'),
(122, 1, 428, 2, '1.02'),
(123, 1, 432, 2, '1.22'),
(124, 1, 443, 55, '18.70'),
(125, 1, 444, 45, '14.85'),
(126, 1, 447, 10, '3.50'),
(127, 1, 449, 12, '4.20'),
(128, 1, 451, 35, '21.00'),
(129, 1, 452, 12, '4.20'),
(130, 1, 453, 14, '6.30'),
(131, 1, 455, 20, '9.00'),
(132, 1, 458, 53, '25.44'),
(133, 1, 459, 4, '2.04'),
(134, 1, 460, 8, '4.08'),
(135, 1, 463, 50, '22.50'),
(136, 1, 465, 2, '0.90'),
(137, 1, 470, 5, '2.55'),
(138, 1, 471, 3, '1.53'),
(139, 1, 472, 94, '47.00'),
(140, 1, 473, 52, '29.12'),
(141, 1, 474, 8, '0.48'),
(142, 1, 475, 2, '0.12'),
(143, 1, 476, 1, '0.06'),
(144, 1, 477, 12, '0.84'),
(145, 1, 478, 2, '0.12'),
(146, 1, 479, 3, '0.18'),
(147, 1, 480, 3, '0.30'),
(148, 1, 481, 4, '0.32'),
(149, 1, 482, 1, '0.04'),
(150, 1, 483, 1, '0.04'),
(151, 1, 485, 1, '0.59'),
(152, 1, 486, 1, '0.51'),
(153, 1, 488, 3, '2.04'),
(154, 1, 489, 1, '1.13'),
(155, 1, 492, 2, '0.24'),
(156, 1, 493, 1, '0.12'),
(157, 1, 494, 1, '0.07'),
(158, 1, 495, 1, '0.04'),
(159, 1, 496, 4, '0.12'),
(160, 1, 497, 236, '7.08'),
(161, 1, 498, 1, '0.03'),
(162, 1, 499, 156, '4.68'),
(163, 1, 500, 4, '0.20'),
(164, 1, 501, 4, '0.20'),
(165, 1, 502, 4, '0.12'),
(166, 1, 503, 8, '0.40'),
(167, 1, 504, 4, '1.28'),
(168, 1, 505, 2, '0.06'),
(169, 1, 506, 24, '0.72'),
(170, 1, 507, 1, '0.03'),
(171, 1, 508, 8, '0.24'),
(172, 1, 509, 7, '0.21'),
(173, 1, 510, 74, '2.22'),
(174, 1, 511, 38, '1.14'),
(175, 1, 512, 1, '0.03'),
(176, 1, 513, 5, '0.15'),
(177, 1, 514, 9, '0.27'),
(178, 1, 515, 12, '0.36'),
(179, 1, 516, 2, '0.06'),
(180, 1, 517, 64, '2.56'),
(181, 1, 518, 2, '0.21'),
(182, 1, 519, 48, '4.32'),
(183, 1, 520, 5, '0.55'),
(184, 1, 521, 51, '5.61'),
(185, 1, 522, 16, '2.24'),
(186, 1, 523, 5, '0.70'),
(187, 1, 524, 31, '6.20'),
(188, 1, 525, 3, '0.21'),
(189, 1, 526, 20, '2.80'),
(190, 1, 527, 11, '0.66'),
(191, 1, 528, 8, '0.48'),
(192, 1, 529, 6, '0.36'),
(193, 1, 530, 7, '0.42'),
(194, 1, 531, 11, '0.88'),
(195, 1, 532, 36, '2.52'),
(196, 1, 533, 1, '0.08'),
(197, 1, 534, 5, '0.40'),
(198, 1, 535, 5, '0.40'),
(199, 1, 536, 4, '0.32'),
(200, 1, 537, 3, '0.30'),
(201, 1, 538, 11, '1.10'),
(202, 1, 539, 4, '0.40'),
(203, 1, 540, 5, '0.95'),
(204, 1, 541, 1, '0.10'),
(205, 1, 542, 1, '0.30'),
(206, 1, 544, 7, '3.71'),
(207, 1, 545, 3, '1.77'),
(208, 1, 546, 53, '20.14'),
(209, 1, 547, 3, '1.41'),
(210, 1, 548, 22, '8.36'),
(211, 1, 552, 15, '8.40'),
(212, 1, 553, 34, '18.70'),
(213, 1, 554, 4, '2.16'),
(214, 1, 555, 108, '59.40'),
(215, 1, 556, 115, '63.25'),
(216, 1, 560, 23, '13.34'),
(217, 1, 561, 3, '1.74'),
(218, 1, 562, 7, '4.06'),
(219, 1, 563, 10, '6.50'),
(220, 1, 566, 24, '15.36'),
(221, 1, 567, 67, '42.88'),
(222, 1, 569, 1, '0.67'),
(223, 1, 570, 2, '1.34'),
(224, 1, 571, 6, '4.08'),
(225, 1, 574, 4, '3.04'),
(226, 1, 575, 25, '21.75'),
(227, 1, 576, 7, '6.16'),
(228, 1, 577, 6, '5.28'),
(229, 1, 578, 16, '13.44'),
(230, 1, 579, 10, '7.90'),
(231, 1, 580, 3, '2.73'),
(232, 1, 581, 9, '8.19'),
(233, 1, 582, 1, '0.92'),
(234, 1, 583, 19, '12.92'),
(235, 1, 584, 27, '3.24'),
(236, 1, 585, 25, '3.00'),
(237, 1, 586, 4, '4.68'),
(238, 1, 587, 1, '1.19'),
(239, 1, 588, 42, '49.98'),
(240, 1, 590, 4, '4.76'),
(241, 1, 591, 1, '1.55'),
(242, 1, 592, 2, '3.48'),
(243, 1, 593, 2, '1.88'),
(244, 1, 594, 1, '1.15'),
(245, 1, 595, 1, '1.30'),
(246, 1, 596, 1, '1.38'),
(247, 1, 597, 1, '1.38'),
(248, 1, 600, 50, '18.50'),
(249, 1, 601, 59, '21.83'),
(250, 1, 602, 60, '22.20'),
(251, 1, 603, 40, '14.80'),
(252, 1, 604, 38, '14.06'),
(253, 1, 605, 16, '5.92'),
(254, 1, 607, 50, '18.00'),
(255, 1, 608, 7, '2.87'),
(256, 1, 609, 7, '2.87'),
(257, 1, 611, 7, '2.87'),
(258, 1, 612, 5, '2.05'),
(259, 1, 613, 10, '4.10'),
(260, 1, 619, 5, '2.25'),
(261, 1, 623, 23, '8.51'),
(262, 1, 624, 17, '6.29'),
(263, 1, 625, 1, '0.41'),
(264, 1, 626, 29, '14.76'),
(265, 1, 628, 32, '13.44'),
(266, 1, 630, 3, '1.35'),
(267, 1, 631, 6, '2.76'),
(268, 1, 634, 31, '14.26'),
(269, 1, 635, 7, '1.12'),
(270, 1, 636, 8, '1.28'),
(271, 1, 637, 12, '1.92'),
(272, 1, 638, 13, '2.08'),
(273, 1, 639, 2, '0.32'),
(274, 1, 640, 13, '2.08'),
(275, 1, 641, 7, '1.12'),
(276, 1, 642, 6, '0.96'),
(277, 1, 643, 3, '0.48'),
(278, 1, 644, 2, '0.32'),
(279, 1, 645, 5, '0.80'),
(280, 2, 300, 112, '3.36'),
(281, 2, 301, 469, '28.14'),
(282, 2, 302, 0, '0.00'),
(283, 2, 303, 112, '10.08'),
(284, 2, 305, 39, '4.29'),
(285, 2, 306, 5, '1.10'),
(286, 2, 308, 10, '1.40'),
(287, 2, 314, 9, '1.08'),
(288, 2, 316, 514, '35.98'),
(289, 2, 318, 31, '2.17'),
(290, 2, 320, 147, '10.29'),
(291, 2, 326, 13, '0.91'),
(292, 2, 327, 26, '1.82'),
(293, 2, 329, 13, '0.91'),
(294, 2, 337, 9, '1.62'),
(295, 2, 339, 514, '71.96'),
(296, 2, 341, 31, '4.65'),
(297, 2, 344, 147, '20.58'),
(298, 2, 348, 13, '1.82'),
(299, 2, 350, 26, '3.64'),
(300, 2, 353, 13, '1.82'),
(301, 2, 367, 8, '2.32'),
(302, 2, 384, 0, '0.00'),
(303, 2, 402, 0, '0.00'),
(304, 2, 403, 3, '0.32'),
(305, 2, 404, 1, '0.42'),
(306, 2, 405, 7, '1.96'),
(307, 2, 411, 5, '1.55'),
(308, 2, 412, 1, '0.39'),
(309, 2, 414, 6, '2.34'),
(310, 2, 415, 3, '1.20'),
(311, 2, 417, 1, '0.41'),
(312, 2, 418, 77, '10.73'),
(313, 2, 419, 3, '1.11'),
(314, 2, 420, 7, '2.73'),
(315, 2, 422, 45, '18.00'),
(316, 2, 423, 16, '6.24'),
(317, 2, 425, 12, '4.80'),
(318, 2, 426, 22, '10.12'),
(319, 2, 427, 35, '17.85'),
(320, 2, 428, 32, '15.30'),
(321, 2, 429, 2, '1.02'),
(322, 2, 430, 18, '9.54'),
(323, 2, 431, 8, '2.72'),
(324, 2, 432, 4, '2.44'),
(325, 2, 433, 12, '7.32'),
(326, 2, 434, 20, '12.20'),
(327, 2, 435, 36, '21.96'),
(328, 2, 436, 30, '9.90'),
(329, 2, 437, 22, '7.26'),
(330, 2, 438, 0, '0.00'),
(331, 2, 439, 71, '24.14'),
(332, 2, 440, 114, '38.76'),
(333, 2, 441, 139, '47.26'),
(334, 2, 442, 65, '21.45'),
(335, 2, 443, 65, '22.10'),
(336, 2, 444, 64, '21.12'),
(337, 2, 445, 32, '14.08'),
(338, 2, 446, 26, '11.44'),
(339, 2, 448, 10, '3.50'),
(340, 2, 450, 105, '36.75'),
(341, 2, 451, 166, '58.10'),
(342, 2, 452, 102, '35.70'),
(343, 2, 453, 88, '39.60'),
(344, 2, 454, 43, '19.35'),
(345, 2, 455, 69, '31.05'),
(346, 2, 456, 9, '4.14'),
(347, 2, 457, 16, '7.36'),
(348, 2, 458, 184, '88.32'),
(349, 2, 459, 2, '-1.53'),
(350, 2, 460, 5, '2.55'),
(351, 2, 461, 24, '10.80'),
(352, 2, 462, 93, '41.85'),
(353, 2, 463, 104, '46.80'),
(354, 2, 464, 27, '12.15'),
(355, 2, 465, 41, '18.45'),
(356, 2, 466, 6, '2.70'),
(357, 2, 467, 19, '8.74'),
(358, 2, 468, 25, '10.50'),
(359, 2, 469, 95, '43.70'),
(360, 2, 470, 5, '2.55'),
(361, 2, 471, 5, '2.55'),
(362, 2, 472, 24, '12.00'),
(363, 2, 473, 4, '2.24'),
(364, 2, 484, 5, '2.00'),
(365, 2, 485, 2, '1.18'),
(366, 2, 487, 2, '1.38'),
(367, 2, 490, 1, '1.46'),
(368, 2, 491, 1, '0.55'),
(369, 2, 499, 60, '1.80'),
(370, 2, 510, 148, '4.44'),
(371, 2, 511, 121, '3.63'),
(372, 2, 519, 19, '1.71'),
(373, 2, 531, 12, '0.96'),
(374, 2, 543, 5, '2.25'),
(375, 2, 544, 7, '3.71'),
(376, 2, 545, 2, '1.18'),
(377, 2, 549, 63, '29.61'),
(378, 2, 550, 56, '26.32'),
(379, 2, 551, 38, '16.92'),
(380, 2, 552, 31, '16.80'),
(381, 2, 553, 5, '2.75'),
(382, 2, 554, 158, '85.32'),
(383, 2, 555, 51, '28.05'),
(384, 2, 556, 57, '31.35'),
(385, 2, 557, 0, '-2.80'),
(386, 2, 558, 4, '-0.56'),
(387, 2, 559, 13, '7.80'),
(388, 2, 563, 12, '6.50'),
(389, 2, 564, 32, '20.80'),
(390, 2, 565, 27, '16.25'),
(391, 2, 566, 14, '4.48'),
(392, 2, 567, 41, '23.68'),
(393, 2, 568, 97, '66.24'),
(394, 2, 571, 6, '4.08'),
(395, 2, 572, 5, '3.90'),
(396, 2, 573, 1, '0.84'),
(397, 2, 576, 0, '-1.76'),
(398, 2, 578, 4, '3.36'),
(399, 2, 580, 10, '9.10'),
(400, 2, 581, 5, '3.64'),
(401, 2, 582, 0, '-0.92'),
(402, 2, 583, 10, '6.80'),
(403, 2, 584, 0, '-1.20'),
(404, 2, 588, 27, '32.13'),
(405, 2, 589, 1, '0.00'),
(406, 2, 595, 1, '1.30'),
(407, 2, 598, 3, '3.00'),
(408, 2, 599, 3, '3.21'),
(409, 2, 602, 14, '5.18'),
(410, 2, 604, 13, '4.81'),
(411, 2, 605, 103, '38.11'),
(412, 2, 606, 34, '12.58'),
(413, 2, 607, 67, '24.12'),
(414, 2, 609, 10, '4.10'),
(415, 2, 610, 15, '6.15'),
(416, 2, 611, 15, '6.15'),
(417, 2, 612, 77, '31.57'),
(418, 2, 613, 39, '15.99'),
(419, 2, 614, 372, '151.70'),
(420, 2, 615, 11, '4.95'),
(421, 2, 616, 31, '13.95'),
(422, 2, 617, 4, '1.80'),
(423, 2, 618, 0, '0.00'),
(424, 2, 619, 4, '1.80'),
(425, 2, 620, 42, '17.60'),
(426, 2, 621, 38, '14.06'),
(427, 2, 622, 45, '16.65'),
(428, 2, 623, 69, '25.53'),
(429, 2, 624, 61, '22.57'),
(430, 2, 625, 38, '15.58'),
(431, 2, 626, 42, '17.22'),
(432, 2, 627, 60, '25.20'),
(433, 2, 628, 94, '39.48'),
(434, 2, 629, 5, '2.25'),
(435, 2, 630, 7, '3.15'),
(436, 2, 631, 29, '13.34'),
(437, 2, 632, 7, '3.22'),
(438, 2, 633, 96, '44.16'),
(439, 2, 634, 15, '6.90'),
(440, 2, 636, 4, '0.64'),
(441, 2, 642, 0, '0.00'),
(442, 1, 435, 0, '11.59'),
(443, 1, 303, 51, '5.49'),
(444, 1, 649, 0, '0.30'),
(445, 1, 648, 0, '0.14'),
(446, 1, 442, 55, '19.80'),
(447, 2, 652, 0, '0.00'),
(448, 2, 477, 1, '0.07'),
(449, 2, 653, 0, '0.00'),
(450, 2, 488, 0, '0.00'),
(451, 2, 497, 50, '1.50'),
(452, 2, 654, 5, '0.25'),
(453, 2, 538, 0, '0.00'),
(454, 2, 585, 0, '0.00'),
(455, 1, 327, 1, '0.07'),
(456, 1, 350, 1, '0.14'),
(457, 1, 549, 18, '8.46'),
(458, 1, 550, 7, '3.29'),
(459, 1, 572, 5, '3.90'),
(460, 1, 614, 100, '41.00'),
(461, 2, 375, 0, '0.00'),
(462, 2, 410, 0, '0.00'),
(463, 1, 652, 2, '0.14'),
(464, 1, 653, 1, '0.10'),
(465, 1, 654, 21, '1.05'),
(466, 1, 598, 2, '2.00'),
(467, 1, 599, 12, '12.84'),
(468, 2, 655, 1, '0.11'),
(469, 2, 312, 3, '1.11'),
(470, 2, 325, 3, '0.21'),
(471, 2, 345, 3, '0.42'),
(472, 1, 622, 15, '5.55'),
(473, 1, 655, 1, '0.22');

-- --------------------------------------------------------

--
-- Table structure for table `stock_cards`
--

CREATE TABLE `stock_cards` (
  `id` int NOT NULL,
  `warehouse_id` int DEFAULT NULL,
  `item_id` int DEFAULT NULL,
  `transaction_type` varchar(50) COLLATE utf8mb4_general_ci DEFAULT NULL,
  `reference_number` varchar(100) COLLATE utf8mb4_general_ci DEFAULT NULL,
  `qty_in` int DEFAULT '0',
  `qty_out` int DEFAULT '0',
  `balance_after` int DEFAULT '0',
  `created_at` timestamp NOT NULL DEFAULT CURRENT_TIMESTAMP,
  `opening_batch_id` int DEFAULT NULL
) ENGINE=InnoDB DEFAULT CHARSET=utf8mb4 COLLATE=utf8mb4_general_ci;

--
-- Dumping data for table `stock_cards`
--

INSERT INTO `stock_cards` (`id`, `warehouse_id`, `item_id`, `transaction_type`, `reference_number`, `qty_in`, `qty_out`, `balance_after`, `created_at`, `opening_batch_id`) VALUES
(1, 1, 300, 'OPENING', 'OPEN/20260302020614', 385, 0, 385, '2026-03-01 17:00:00', 2),
(2, 1, 301, 'OPENING', 'OPEN/20260302020614', 4, 0, 4, '2026-03-01 17:00:00', 2),
(3, 1, 302, 'OPENING', 'OPEN/20260302020614', 154, 0, 154, '2026-03-01 17:00:00', 2),
(4, 1, 304, 'OPENING', 'OPEN/20260302020614', 7, 0, 7, '2026-03-01 17:00:00', 2),
(5, 1, 305, 'OPENING', 'OPEN/20260302020614', 5, 0, 5, '2026-03-01 17:00:00', 2),
(6, 1, 306, 'OPENING', 'OPEN/20260302020614', 2, 0, 2, '2026-03-01 17:00:00', 2),
(7, 1, 307, 'OPENING', 'OPEN/20260302020614', 4, 0, 4, '2026-03-01 17:00:00', 2),
(8, 1, 308, 'OPENING', 'OPEN/20260302020614', 5, 0, 5, '2026-03-01 17:00:00', 2),
(9, 1, 309, 'OPENING', 'OPEN/20260302020614', 5, 0, 5, '2026-03-01 17:00:00', 2),
(10, 1, 310, 'OPENING', 'OPEN/20260302020614', 1, 0, 1, '2026-03-01 17:00:00', 2),
(11, 1, 311, 'OPENING', 'OPEN/20260302020614', 4, 0, 4, '2026-03-01 17:00:00', 2),
(12, 1, 312, 'OPENING', 'OPEN/20260302020614', 3, 0, 3, '2026-03-01 17:00:00', 2),
(13, 1, 313, 'OPENING', 'OPEN/20260302020614', 38, 0, 38, '2026-03-01 17:00:00', 2),
(14, 1, 314, 'OPENING', 'OPEN/20260302020614', 25, 0, 25, '2026-03-01 17:00:00', 2),
(15, 1, 315, 'OPENING', 'OPEN/20260302020614', 1, 0, 1, '2026-03-01 17:00:00', 2),
(16, 1, 316, 'OPENING', 'OPEN/20260302020614', 790, 0, 790, '2026-03-01 17:00:00', 2),
(17, 1, 317, 'OPENING', 'OPEN/20260302020614', 42, 0, 42, '2026-03-01 17:00:00', 2),
(18, 1, 319, 'OPENING', 'OPEN/20260302020614', 2, 0, 2, '2026-03-01 17:00:00', 2),
(19, 1, 320, 'OPENING', 'OPEN/20260302020614', 56, 0, 56, '2026-03-01 17:00:00', 2),
(20, 1, 321, 'OPENING', 'OPEN/20260302020614', 11, 0, 11, '2026-03-01 17:00:00', 2),
(21, 1, 322, 'OPENING', 'OPEN/20260302020614', 10, 0, 10, '2026-03-01 17:00:00', 2),
(22, 1, 323, 'OPENING', 'OPEN/20260302020614', 2, 0, 2, '2026-03-01 17:00:00', 2),
(23, 1, 324, 'OPENING', 'OPEN/20260302020614', 8, 0, 8, '2026-03-01 17:00:00', 2),
(24, 1, 325, 'OPENING', 'OPEN/20260302020614', 24, 0, 24, '2026-03-01 17:00:00', 2),
(25, 1, 326, 'OPENING', 'OPEN/20260302020614', 10, 0, 10, '2026-03-01 17:00:00', 2),
(26, 1, 328, 'OPENING', 'OPEN/20260302020614', 17, 0, 17, '2026-03-01 17:00:00', 2),
(27, 1, 329, 'OPENING', 'OPEN/20260302020614', 52, 0, 52, '2026-03-01 17:00:00', 2),
(28, 1, 330, 'OPENING', 'OPEN/20260302020614', 1, 0, 1, '2026-03-01 17:00:00', 2),
(29, 1, 331, 'OPENING', 'OPEN/20260302020614', 1, 0, 1, '2026-03-01 17:00:00', 2),
(30, 1, 332, 'OPENING', 'OPEN/20260302020614', 1, 0, 1, '2026-03-01 17:00:00', 2),
(31, 1, 333, 'OPENING', 'OPEN/20260302020614', 7, 0, 7, '2026-03-01 17:00:00', 2),
(32, 1, 334, 'OPENING', 'OPEN/20260302020614', 1, 0, 1, '2026-03-01 17:00:00', 2),
(33, 1, 335, 'OPENING', 'OPEN/20260302020614', 2, 0, 2, '2026-03-01 17:00:00', 2),
(34, 1, 336, 'OPENING', 'OPEN/20260302020614', 38, 0, 38, '2026-03-01 17:00:00', 2),
(35, 1, 337, 'OPENING', 'OPEN/20260302020614', 25, 0, 25, '2026-03-01 17:00:00', 2),
(36, 1, 338, 'OPENING', 'OPEN/20260302020614', 1, 0, 1, '2026-03-01 17:00:00', 2),
(37, 1, 339, 'OPENING', 'OPEN/20260302020614', 790, 0, 790, '2026-03-01 17:00:00', 2),
(38, 1, 340, 'OPENING', 'OPEN/20260302020614', 42, 0, 42, '2026-03-01 17:00:00', 2),
(39, 1, 342, 'OPENING', 'OPEN/20260302020614', 8, 0, 8, '2026-03-01 17:00:00', 2),
(40, 1, 343, 'OPENING', 'OPEN/20260302020614', 2, 0, 2, '2026-03-01 17:00:00', 2),
(41, 1, 344, 'OPENING', 'OPEN/20260302020614', 67, 0, 67, '2026-03-01 17:00:00', 2),
(42, 1, 345, 'OPENING', 'OPEN/20260302020614', 24, 0, 24, '2026-03-01 17:00:00', 2),
(43, 1, 346, 'OPENING', 'OPEN/20260302020614', 10, 0, 10, '2026-03-01 17:00:00', 2),
(44, 1, 347, 'OPENING', 'OPEN/20260302020614', 2, 0, 2, '2026-03-01 17:00:00', 2),
(45, 1, 348, 'OPENING', 'OPEN/20260302020614', 10, 0, 10, '2026-03-01 17:00:00', 2),
(46, 1, 349, 'OPENING', 'OPEN/20260302020614', 1, 0, 1, '2026-03-01 17:00:00', 2),
(47, 1, 351, 'OPENING', 'OPEN/20260302020614', 1, 0, 1, '2026-03-01 17:00:00', 2),
(48, 1, 352, 'OPENING', 'OPEN/20260302020614', 17, 0, 17, '2026-03-01 17:00:00', 2),
(49, 1, 353, 'OPENING', 'OPEN/20260302020614', 52, 0, 52, '2026-03-01 17:00:00', 2),
(50, 1, 354, 'OPENING', 'OPEN/20260302020614', 7, 0, 7, '2026-03-01 17:00:00', 2),
(51, 1, 355, 'OPENING', 'OPEN/20260302020614', 1, 0, 1, '2026-03-01 17:00:00', 2),
(52, 1, 356, 'OPENING', 'OPEN/20260302020614', 1, 0, 1, '2026-03-01 17:00:00', 2),
(53, 1, 357, 'OPENING', 'OPEN/20260302020614', 2, 0, 2, '2026-03-01 17:00:00', 2),
(54, 1, 358, 'OPENING', 'OPEN/20260302020614', 1, 0, 1, '2026-03-01 17:00:00', 2),
(55, 1, 359, 'OPENING', 'OPEN/20260302020614', 1, 0, 1, '2026-03-01 17:00:00', 2),
(56, 1, 360, 'OPENING', 'OPEN/20260302020614', 6, 0, 6, '2026-03-01 17:00:00', 2),
(57, 1, 361, 'OPENING', 'OPEN/20260302020614', 4, 0, 4, '2026-03-01 17:00:00', 2),
(58, 1, 362, 'OPENING', 'OPEN/20260302020614', 4, 0, 4, '2026-03-01 17:00:00', 2),
(59, 1, 363, 'OPENING', 'OPEN/20260302020614', 1, 0, 1, '2026-03-01 17:00:00', 2),
(60, 1, 364, 'OPENING', 'OPEN/20260302020614', 10, 0, 10, '2026-03-01 17:00:00', 2),
(61, 1, 365, 'OPENING', 'OPEN/20260302020614', 1, 0, 1, '2026-03-01 17:00:00', 2),
(62, 1, 366, 'OPENING', 'OPEN/20260302020614', 2, 0, 2, '2026-03-01 17:00:00', 2),
(63, 1, 367, 'OPENING', 'OPEN/20260302020614', 9, 0, 9, '2026-03-01 17:00:00', 2),
(64, 1, 368, 'OPENING', 'OPEN/20260302020614', 2, 0, 2, '2026-03-01 17:00:00', 2),
(65, 1, 369, 'OPENING', 'OPEN/20260302020614', 6, 0, 6, '2026-03-01 17:00:00', 2),
(66, 1, 370, 'OPENING', 'OPEN/20260302020614', 9, 0, 9, '2026-03-01 17:00:00', 2),
(67, 1, 371, 'OPENING', 'OPEN/20260302020614', 4, 0, 4, '2026-03-01 17:00:00', 2),
(68, 1, 372, 'OPENING', 'OPEN/20260302020614', 2, 0, 2, '2026-03-01 17:00:00', 2),
(69, 1, 373, 'OPENING', 'OPEN/20260302020614', 2, 0, 2, '2026-03-01 17:00:00', 2),
(70, 1, 374, 'OPENING', 'OPEN/20260302020614', 1, 0, 1, '2026-03-01 17:00:00', 2),
(71, 1, 375, 'OPENING', 'OPEN/20260302020614', 3, 0, 3, '2026-03-01 17:00:00', 2),
(72, 1, 376, 'OPENING', 'OPEN/20260302020614', 2, 0, 2, '2026-03-01 17:00:00', 2),
(73, 1, 377, 'OPENING', 'OPEN/20260302020614', 2, 0, 2, '2026-03-01 17:00:00', 2),
(74, 1, 378, 'OPENING', 'OPEN/20260302020614', 1, 0, 1, '2026-03-01 17:00:00', 2),
(75, 1, 379, 'OPENING', 'OPEN/20260302020614', 5, 0, 5, '2026-03-01 17:00:00', 2),
(76, 1, 380, 'OPENING', 'OPEN/20260302020614', 2, 0, 2, '2026-03-01 17:00:00', 2),
(77, 1, 381, 'OPENING', 'OPEN/20260302020614', 16, 0, 16, '2026-03-01 17:00:00', 2),
(78, 1, 382, 'OPENING', 'OPEN/20260302020614', 21, 0, 21, '2026-03-01 17:00:00', 2),
(79, 1, 383, 'OPENING', 'OPEN/20260302020614', 15, 0, 15, '2026-03-01 17:00:00', 2),
(80, 1, 384, 'OPENING', 'OPEN/20260302020614', 6, 0, 6, '2026-03-01 17:00:00', 2),
(81, 1, 385, 'OPENING', 'OPEN/20260302020614', 8, 0, 8, '2026-03-01 17:00:00', 2),
(82, 1, 386, 'OPENING', 'OPEN/20260302020614', 5, 0, 5, '2026-03-01 17:00:00', 2),
(83, 1, 387, 'OPENING', 'OPEN/20260302020614', 6, 0, 6, '2026-03-01 17:00:00', 2),
(84, 1, 388, 'OPENING', 'OPEN/20260302020614', 26, 0, 26, '2026-03-01 17:00:00', 2),
(85, 1, 389, 'OPENING', 'OPEN/20260302020614', 26, 0, 26, '2026-03-01 17:00:00', 2),
(86, 1, 390, 'OPENING', 'OPEN/20260302020614', 15, 0, 15, '2026-03-01 17:00:00', 2),
(87, 1, 391, 'OPENING', 'OPEN/20260302020614', 5, 0, 5, '2026-03-01 17:00:00', 2),
(88, 1, 392, 'OPENING', 'OPEN/20260302020614', 14, 0, 14, '2026-03-01 17:00:00', 2),
(89, 1, 393, 'OPENING', 'OPEN/20260302020614', 1, 0, 1, '2026-03-01 17:00:00', 2),
(90, 1, 394, 'OPENING', 'OPEN/20260302020614', 38, 0, 38, '2026-03-01 17:00:00', 2),
(91, 1, 395, 'OPENING', 'OPEN/20260302020614', 2, 0, 2, '2026-03-01 17:00:00', 2),
(92, 1, 396, 'OPENING', 'OPEN/20260302020614', 8, 0, 8, '2026-03-01 17:00:00', 2),
(93, 1, 397, 'OPENING', 'OPEN/20260302020614', 52, 0, 52, '2026-03-01 17:00:00', 2),
(94, 1, 398, 'OPENING', 'OPEN/20260302020614', 7, 0, 7, '2026-03-01 17:00:00', 2),
(95, 1, 399, 'OPENING', 'OPEN/20260302020614', 22, 0, 22, '2026-03-01 17:00:00', 2),
(96, 1, 400, 'OPENING', 'OPEN/20260302020614', 7, 0, 7, '2026-03-01 17:00:00', 2),
(97, 1, 401, 'OPENING', 'OPEN/20260302020614', 10, 0, 10, '2026-03-01 17:00:00', 2),
(98, 1, 402, 'OPENING', 'OPEN/20260302020614', 2, 0, 2, '2026-03-01 17:00:00', 2),
(99, 1, 403, 'OPENING', 'OPEN/20260302020614', 4, 0, 4, '2026-03-01 17:00:00', 2),
(100, 1, 404, 'OPENING', 'OPEN/20260302020614', 2, 0, 2, '2026-03-01 17:00:00', 2),
(101, 1, 405, 'OPENING', 'OPEN/20260302020614', 3, 0, 3, '2026-03-01 17:00:00', 2),
(102, 1, 406, 'OPENING', 'OPEN/20260302020614', 12, 0, 12, '2026-03-01 17:00:00', 2),
(103, 1, 407, 'OPENING', 'OPEN/20260302020614', 2, 0, 2, '2026-03-01 17:00:00', 2),
(104, 1, 408, 'OPENING', 'OPEN/20260302020614', 7, 0, 7, '2026-03-01 17:00:00', 2),
(105, 1, 409, 'OPENING', 'OPEN/20260302020614', 3, 0, 3, '2026-03-01 17:00:00', 2),
(106, 1, 410, 'OPENING', 'OPEN/20260302020614', 9, 0, 9, '2026-03-01 17:00:00', 2),
(107, 1, 411, 'OPENING', 'OPEN/20260302020614', 5, 0, 5, '2026-03-01 17:00:00', 2),
(108, 1, 412, 'OPENING', 'OPEN/20260302020614', 5, 0, 5, '2026-03-01 17:00:00', 2),
(109, 1, 413, 'OPENING', 'OPEN/20260302020614', 1, 0, 1, '2026-03-01 17:00:00', 2),
(110, 1, 414, 'OPENING', 'OPEN/20260302020614', 4, 0, 4, '2026-03-01 17:00:00', 2),
(111, 1, 415, 'OPENING', 'OPEN/20260302020614', 14, 0, 14, '2026-03-01 17:00:00', 2),
(112, 1, 416, 'OPENING', 'OPEN/20260302020614', 1, 0, 1, '2026-03-01 17:00:00', 2),
(113, 1, 417, 'OPENING', 'OPEN/20260302020614', 16, 0, 16, '2026-03-01 17:00:00', 2),
(114, 1, 418, 'OPENING', 'OPEN/20260302020614', 29, 0, 29, '2026-03-01 17:00:00', 2),
(115, 1, 419, 'OPENING', 'OPEN/20260302020614', 8, 0, 8, '2026-03-01 17:00:00', 2),
(116, 1, 420, 'OPENING', 'OPEN/20260302020614', 40, 0, 40, '2026-03-01 17:00:00', 2),
(117, 1, 421, 'OPENING', 'OPEN/20260302020614', 5, 0, 5, '2026-03-01 17:00:00', 2),
(118, 1, 422, 'OPENING', 'OPEN/20260302020614', 5, 0, 5, '2026-03-01 17:00:00', 2),
(119, 1, 424, 'OPENING', 'OPEN/20260302020614', 4, 0, 4, '2026-03-01 17:00:00', 2),
(120, 1, 425, 'OPENING', 'OPEN/20260302020614', 3, 0, 3, '2026-03-01 17:00:00', 2),
(121, 1, 426, 'OPENING', 'OPEN/20260302020614', 12, 0, 12, '2026-03-01 17:00:00', 2),
(122, 1, 428, 'OPENING', 'OPEN/20260302020614', 2, 0, 2, '2026-03-01 17:00:00', 2),
(123, 1, 432, 'OPENING', 'OPEN/20260302020614', 2, 0, 2, '2026-03-01 17:00:00', 2),
(124, 1, 443, 'OPENING', 'OPEN/20260302020614', 5, 0, 5, '2026-03-01 17:00:00', 2),
(125, 1, 444, 'OPENING', 'OPEN/20260302020614', 20, 0, 20, '2026-03-01 17:00:00', 2),
(126, 1, 447, 'OPENING', 'OPEN/20260302020614', 10, 0, 10, '2026-03-01 17:00:00', 2),
(127, 1, 449, 'OPENING', 'OPEN/20260302020614', 12, 0, 12, '2026-03-01 17:00:00', 2),
(128, 1, 451, 'OPENING', 'OPEN/20260302020614', 7, 0, 7, '2026-03-01 17:00:00', 2),
(129, 1, 452, 'OPENING', 'OPEN/20260302020614', 12, 0, 12, '2026-03-01 17:00:00', 2),
(130, 1, 453, 'OPENING', 'OPEN/20260302020614', 14, 0, 14, '2026-03-01 17:00:00', 2),
(131, 1, 455, 'OPENING', 'OPEN/20260302020614', 10, 0, 10, '2026-03-01 17:00:00', 2),
(132, 1, 458, 'OPENING', 'OPEN/20260302020614', 1, 0, 1, '2026-03-01 17:00:00', 2),
(133, 1, 459, 'OPENING', 'OPEN/20260302020614', 4, 0, 4, '2026-03-01 17:00:00', 2),
(134, 1, 460, 'OPENING', 'OPEN/20260302020614', 8, 0, 8, '2026-03-01 17:00:00', 2),
(135, 1, 463, 'OPENING', 'OPEN/20260302020614', 50, 0, 50, '2026-03-01 17:00:00', 2),
(136, 1, 465, 'OPENING', 'OPEN/20260302020614', 2, 0, 2, '2026-03-01 17:00:00', 2),
(137, 1, 470, 'OPENING', 'OPEN/20260302020614', 5, 0, 5, '2026-03-01 17:00:00', 2),
(138, 1, 471, 'OPENING', 'OPEN/20260302020614', 3, 0, 3, '2026-03-01 17:00:00', 2),
(139, 1, 472, 'OPENING', 'OPEN/20260302020614', 83, 0, 83, '2026-03-01 17:00:00', 2),
(140, 1, 473, 'OPENING', 'OPEN/20260302020614', 52, 0, 52, '2026-03-01 17:00:00', 2),
(141, 1, 474, 'OPENING', 'OPEN/20260302020614', 8, 0, 8, '2026-03-01 17:00:00', 2),
(142, 1, 475, 'OPENING', 'OPEN/20260302020614', 2, 0, 2, '2026-03-01 17:00:00', 2),
(143, 1, 476, 'OPENING', 'OPEN/20260302020614', 1, 0, 1, '2026-03-01 17:00:00', 2),
(144, 1, 477, 'OPENING', 'OPEN/20260302020614', 9, 0, 9, '2026-03-01 17:00:00', 2),
(145, 1, 478, 'OPENING', 'OPEN/20260302020614', 2, 0, 2, '2026-03-01 17:00:00', 2),
(146, 1, 479, 'OPENING', 'OPEN/20260302020614', 3, 0, 3, '2026-03-01 17:00:00', 2),
(147, 1, 480, 'OPENING', 'OPEN/20260302020614', 3, 0, 3, '2026-03-01 17:00:00', 2),
(148, 1, 481, 'OPENING', 'OPEN/20260302020614', 4, 0, 4, '2026-03-01 17:00:00', 2),
(149, 1, 482, 'OPENING', 'OPEN/20260302020614', 1, 0, 1, '2026-03-01 17:00:00', 2),
(150, 1, 483, 'OPENING', 'OPEN/20260302020614', 1, 0, 1, '2026-03-01 17:00:00', 2),
(151, 1, 485, 'OPENING', 'OPEN/20260302020614', 1, 0, 1, '2026-03-01 17:00:00', 2),
(152, 1, 486, 'OPENING', 'OPEN/20260302020614', 1, 0, 1, '2026-03-01 17:00:00', 2),
(153, 1, 488, 'OPENING', 'OPEN/20260302020614', 1, 0, 1, '2026-03-01 17:00:00', 2),
(154, 1, 489, 'OPENING', 'OPEN/20260302020614', 1, 0, 1, '2026-03-01 17:00:00', 2),
(155, 1, 492, 'OPENING', 'OPEN/20260302020614', 2, 0, 2, '2026-03-01 17:00:00', 2),
(156, 1, 493, 'OPENING', 'OPEN/20260302020614', 1, 0, 1, '2026-03-01 17:00:00', 2),
(157, 1, 494, 'OPENING', 'OPEN/20260302020614', 1, 0, 1, '2026-03-01 17:00:00', 2),
(158, 1, 495, 'OPENING', 'OPEN/20260302020614', 1, 0, 1, '2026-03-01 17:00:00', 2),
(159, 1, 496, 'OPENING', 'OPEN/20260302020614', 4, 0, 4, '2026-03-01 17:00:00', 2),
(160, 1, 497, 'OPENING', 'OPEN/20260302020614', 186, 0, 186, '2026-03-01 17:00:00', 2),
(161, 1, 498, 'OPENING', 'OPEN/20260302020614', 1, 0, 1, '2026-03-01 17:00:00', 2),
(162, 1, 499, 'OPENING', 'OPEN/20260302020614', 106, 0, 106, '2026-03-01 17:00:00', 2),
(163, 1, 500, 'OPENING', 'OPEN/20260302020614', 4, 0, 4, '2026-03-01 17:00:00', 2),
(164, 1, 501, 'OPENING', 'OPEN/20260302020614', 4, 0, 4, '2026-03-01 17:00:00', 2),
(165, 1, 502, 'OPENING', 'OPEN/20260302020614', 4, 0, 4, '2026-03-01 17:00:00', 2),
(166, 1, 503, 'OPENING', 'OPEN/20260302020614', 8, 0, 8, '2026-03-01 17:00:00', 2),
(167, 1, 504, 'OPENING', 'OPEN/20260302020614', 4, 0, 4, '2026-03-01 17:00:00', 2),
(168, 1, 505, 'OPENING', 'OPEN/20260302020614', 2, 0, 2, '2026-03-01 17:00:00', 2),
(169, 1, 506, 'OPENING', 'OPEN/20260302020614', 24, 0, 24, '2026-03-01 17:00:00', 2),
(170, 1, 507, 'OPENING', 'OPEN/20260302020614', 1, 0, 1, '2026-03-01 17:00:00', 2),
(171, 1, 508, 'OPENING', 'OPEN/20260302020614', 8, 0, 8, '2026-03-01 17:00:00', 2),
(172, 1, 509, 'OPENING', 'OPEN/20260302020614', 7, 0, 7, '2026-03-01 17:00:00', 2),
(173, 1, 510, 'OPENING', 'OPEN/20260302020614', 74, 0, 74, '2026-03-01 17:00:00', 2),
(174, 1, 511, 'OPENING', 'OPEN/20260302020614', 38, 0, 38, '2026-03-01 17:00:00', 2),
(175, 1, 512, 'OPENING', 'OPEN/20260302020614', 1, 0, 1, '2026-03-01 17:00:00', 2),
(176, 1, 513, 'OPENING', 'OPEN/20260302020614', 5, 0, 5, '2026-03-01 17:00:00', 2),
(177, 1, 514, 'OPENING', 'OPEN/20260302020614', 9, 0, 9, '2026-03-01 17:00:00', 2),
(178, 1, 515, 'OPENING', 'OPEN/20260302020614', 12, 0, 12, '2026-03-01 17:00:00', 2),
(179, 1, 516, 'OPENING', 'OPEN/20260302020614', 2, 0, 2, '2026-03-01 17:00:00', 2),
(180, 1, 517, 'OPENING', 'OPEN/20260302020614', 64, 0, 64, '2026-03-01 17:00:00', 2),
(181, 1, 518, 'OPENING', 'OPEN/20260302020614', 2, 0, 2, '2026-03-01 17:00:00', 2),
(182, 1, 519, 'OPENING', 'OPEN/20260302020614', 39, 0, 39, '2026-03-01 17:00:00', 2),
(183, 1, 520, 'OPENING', 'OPEN/20260302020614', 5, 0, 5, '2026-03-01 17:00:00', 2),
(184, 1, 521, 'OPENING', 'OPEN/20260302020614', 51, 0, 51, '2026-03-01 17:00:00', 2),
(185, 1, 522, 'OPENING', 'OPEN/20260302020614', 16, 0, 16, '2026-03-01 17:00:00', 2),
(186, 1, 523, 'OPENING', 'OPEN/20260302020614', 5, 0, 5, '2026-03-01 17:00:00', 2),
(187, 1, 524, 'OPENING', 'OPEN/20260302020614', 31, 0, 31, '2026-03-01 17:00:00', 2),
(188, 1, 525, 'OPENING', 'OPEN/20260302020614', 3, 0, 3, '2026-03-01 17:00:00', 2),
(189, 1, 526, 'OPENING', 'OPEN/20260302020614', 20, 0, 20, '2026-03-01 17:00:00', 2),
(190, 1, 527, 'OPENING', 'OPEN/20260302020614', 11, 0, 11, '2026-03-01 17:00:00', 2),
(191, 1, 528, 'OPENING', 'OPEN/20260302020614', 8, 0, 8, '2026-03-01 17:00:00', 2),
(192, 1, 529, 'OPENING', 'OPEN/20260302020614', 6, 0, 6, '2026-03-01 17:00:00', 2),
(193, 1, 530, 'OPENING', 'OPEN/20260302020614', 7, 0, 7, '2026-03-01 17:00:00', 2),
(194, 1, 531, 'OPENING', 'OPEN/20260302020614', 1, 0, 1, '2026-03-01 17:00:00', 2),
(195, 1, 532, 'OPENING', 'OPEN/20260302020614', 36, 0, 36, '2026-03-01 17:00:00', 2),
(196, 1, 533, 'OPENING', 'OPEN/20260302020614', 1, 0, 1, '2026-03-01 17:00:00', 2),
(197, 1, 534, 'OPENING', 'OPEN/20260302020614', 5, 0, 5, '2026-03-01 17:00:00', 2),
(198, 1, 535, 'OPENING', 'OPEN/20260302020614', 5, 0, 5, '2026-03-01 17:00:00', 2),
(199, 1, 536, 'OPENING', 'OPEN/20260302020614', 4, 0, 4, '2026-03-01 17:00:00', 2),
(200, 1, 537, 'OPENING', 'OPEN/20260302020614', 3, 0, 3, '2026-03-01 17:00:00', 2),
(201, 1, 538, 'OPENING', 'OPEN/20260302020614', 1, 0, 1, '2026-03-01 17:00:00', 2),
(202, 1, 539, 'OPENING', 'OPEN/20260302020614', 4, 0, 4, '2026-03-01 17:00:00', 2),
(203, 1, 540, 'OPENING', 'OPEN/20260302020614', 5, 0, 5, '2026-03-01 17:00:00', 2),
(204, 1, 541, 'OPENING', 'OPEN/20260302020614', 1, 0, 1, '2026-03-01 17:00:00', 2),
(205, 1, 542, 'OPENING', 'OPEN/20260302020614', 1, 0, 1, '2026-03-01 17:00:00', 2),
(206, 1, 544, 'OPENING', 'OPEN/20260302020614', 7, 0, 7, '2026-03-01 17:00:00', 2),
(207, 1, 545, 'OPENING', 'OPEN/20260302020614', 3, 0, 3, '2026-03-01 17:00:00', 2),
(208, 1, 546, 'OPENING', 'OPEN/20260302020614', 53, 0, 53, '2026-03-01 17:00:00', 2),
(209, 1, 547, 'OPENING', 'OPEN/20260302020614', 3, 0, 3, '2026-03-01 17:00:00', 2),
(210, 1, 548, 'OPENING', 'OPEN/20260302020614', 22, 0, 22, '2026-03-01 17:00:00', 2),
(211, 1, 552, 'OPENING', 'OPEN/20260302020614', 14, 0, 14, '2026-03-01 17:00:00', 2),
(212, 1, 553, 'OPENING', 'OPEN/20260302020614', 34, 0, 34, '2026-03-01 17:00:00', 2),
(213, 1, 554, 'OPENING', 'OPEN/20260302020614', 4, 0, 4, '2026-03-01 17:00:00', 2),
(214, 1, 555, 'OPENING', 'OPEN/20260302020614', 108, 0, 108, '2026-03-01 17:00:00', 2),
(215, 1, 556, 'OPENING', 'OPEN/20260302020614', 115, 0, 115, '2026-03-01 17:00:00', 2),
(216, 1, 560, 'OPENING', 'OPEN/20260302020614', 23, 0, 23, '2026-03-01 17:00:00', 2),
(217, 1, 561, 'OPENING', 'OPEN/20260302020614', 3, 0, 3, '2026-03-01 17:00:00', 2),
(218, 1, 562, 'OPENING', 'OPEN/20260302020614', 7, 0, 7, '2026-03-01 17:00:00', 2),
(219, 1, 563, 'OPENING', 'OPEN/20260302020614', 10, 0, 10, '2026-03-01 17:00:00', 2),
(220, 1, 566, 'OPENING', 'OPEN/20260302020614', 24, 0, 24, '2026-03-01 17:00:00', 2),
(221, 1, 567, 'OPENING', 'OPEN/20260302020614', 67, 0, 67, '2026-03-01 17:00:00', 2),
(222, 1, 569, 'OPENING', 'OPEN/20260302020614', 1, 0, 1, '2026-03-01 17:00:00', 2),
(223, 1, 570, 'OPENING', 'OPEN/20260302020614', 2, 0, 2, '2026-03-01 17:00:00', 2),
(224, 1, 571, 'OPENING', 'OPEN/20260302020614', 6, 0, 6, '2026-03-01 17:00:00', 2),
(225, 1, 574, 'OPENING', 'OPEN/20260302020614', 4, 0, 4, '2026-03-01 17:00:00', 2),
(226, 1, 575, 'OPENING', 'OPEN/20260302020614', 25, 0, 25, '2026-03-01 17:00:00', 2),
(227, 1, 576, 'OPENING', 'OPEN/20260302020614', 7, 0, 7, '2026-03-01 17:00:00', 2),
(228, 1, 577, 'OPENING', 'OPEN/20260302020614', 6, 0, 6, '2026-03-01 17:00:00', 2),
(229, 1, 578, 'OPENING', 'OPEN/20260302020614', 16, 0, 16, '2026-03-01 17:00:00', 2),
(230, 1, 579, 'OPENING', 'OPEN/20260302020614', 10, 0, 10, '2026-03-01 17:00:00', 2),
(231, 1, 580, 'OPENING', 'OPEN/20260302020614', 3, 0, 3, '2026-03-01 17:00:00', 2),
(232, 1, 581, 'OPENING', 'OPEN/20260302020614', 9, 0, 9, '2026-03-01 17:00:00', 2),
(233, 1, 582, 'OPENING', 'OPEN/20260302020614', 1, 0, 1, '2026-03-01 17:00:00', 2),
(234, 1, 583, 'OPENING', 'OPEN/20260302020614', 9, 0, 9, '2026-03-01 17:00:00', 2),
(235, 1, 584, 'OPENING', 'OPEN/20260302020614', 27, 0, 27, '2026-03-01 17:00:00', 2),
(236, 1, 585, 'OPENING', 'OPEN/20260302020614', 22, 0, 22, '2026-03-01 17:00:00', 2),
(237, 1, 586, 'OPENING', 'OPEN/20260302020614', 4, 0, 4, '2026-03-01 17:00:00', 2),
(238, 1, 587, 'OPENING', 'OPEN/20260302020614', 1, 0, 1, '2026-03-01 17:00:00', 2),
(239, 1, 588, 'OPENING', 'OPEN/20260302020614', 21, 0, 21, '2026-03-01 17:00:00', 2),
(240, 1, 590, 'OPENING', 'OPEN/20260302020614', 4, 0, 4, '2026-03-01 17:00:00', 2),
(241, 1, 591, 'OPENING', 'OPEN/20260302020614', 1, 0, 1, '2026-03-01 17:00:00', 2),
(242, 1, 592, 'OPENING', 'OPEN/20260302020614', 2, 0, 2, '2026-03-01 17:00:00', 2),
(243, 1, 593, 'OPENING', 'OPEN/20260302020614', 2, 0, 2, '2026-03-01 17:00:00', 2),
(244, 1, 594, 'OPENING', 'OPEN/20260302020614', 1, 0, 1, '2026-03-01 17:00:00', 2),
(245, 1, 595, 'OPENING', 'OPEN/20260302020614', 1, 0, 1, '2026-03-01 17:00:00', 2),
(246, 1, 596, 'OPENING', 'OPEN/20260302020614', 1, 0, 1, '2026-03-01 17:00:00', 2),
(247, 1, 597, 'OPENING', 'OPEN/20260302020614', 1, 0, 1, '2026-03-01 17:00:00', 2),
(248, 1, 600, 'OPENING', 'OPEN/20260302020614', 50, 0, 50, '2026-03-01 17:00:00', 2),
(249, 1, 601, 'OPENING', 'OPEN/20260302020614', 59, 0, 59, '2026-03-01 17:00:00', 2),
(250, 1, 602, 'OPENING', 'OPEN/20260302020614', 60, 0, 60, '2026-03-01 17:00:00', 2),
(251, 1, 603, 'OPENING', 'OPEN/20260302020614', 40, 0, 40, '2026-03-01 17:00:00', 2),
(252, 1, 604, 'OPENING', 'OPEN/20260302020614', 38, 0, 38, '2026-03-01 17:00:00', 2),
(253, 1, 605, 'OPENING', 'OPEN/20260302020614', 16, 0, 16, '2026-03-01 17:00:00', 2),
(254, 1, 607, 'OPENING', 'OPEN/20260302020614', 23, 0, 23, '2026-03-01 17:00:00', 2),
(255, 1, 608, 'OPENING', 'OPEN/20260302020614', 7, 0, 7, '2026-03-01 17:00:00', 2),
(256, 1, 609, 'OPENING', 'OPEN/20260302020614', 7, 0, 7, '2026-03-01 17:00:00', 2),
(257, 1, 611, 'OPENING', 'OPEN/20260302020614', 7, 0, 7, '2026-03-01 17:00:00', 2),
(258, 1, 612, 'OPENING', 'OPEN/20260302020614', 5, 0, 5, '2026-03-01 17:00:00', 2),
(259, 1, 613, 'OPENING', 'OPEN/20260302020614', 10, 0, 10, '2026-03-01 17:00:00', 2),
(260, 1, 619, 'OPENING', 'OPEN/20260302020614', 5, 0, 5, '2026-03-01 17:00:00', 2),
(261, 1, 623, 'OPENING', 'OPEN/20260302020614', 8, 0, 8, '2026-03-01 17:00:00', 2),
(262, 1, 624, 'OPENING', 'OPEN/20260302020614', 2, 0, 2, '2026-03-01 17:00:00', 2),
(263, 1, 625, 'OPENING', 'OPEN/20260302020614', 1, 0, 1, '2026-03-01 17:00:00', 2),
(264, 1, 626, 'OPENING', 'OPEN/20260302020614', 1, 0, 1, '2026-03-01 17:00:00', 2),
(265, 1, 628, 'OPENING', 'OPEN/20260302020614', 2, 0, 2, '2026-03-01 17:00:00', 2),
(266, 1, 630, 'OPENING', 'OPEN/20260302020614', 3, 0, 3, '2026-03-01 17:00:00', 2),
(267, 1, 631, 'OPENING', 'OPEN/20260302020614', 1, 0, 1, '2026-03-01 17:00:00', 2),
(268, 1, 634, 'OPENING', 'OPEN/20260302020614', 31, 0, 31, '2026-03-01 17:00:00', 2),
(269, 1, 635, 'OPENING', 'OPEN/20260302020614', 7, 0, 7, '2026-03-01 17:00:00', 2),
(270, 1, 636, 'OPENING', 'OPEN/20260302020614', 8, 0, 8, '2026-03-01 17:00:00', 2),
(271, 1, 637, 'OPENING', 'OPEN/20260302020614', 12, 0, 12, '2026-03-01 17:00:00', 2),
(272, 1, 638, 'OPENING', 'OPEN/20260302020614', 13, 0, 13, '2026-03-01 17:00:00', 2),
(273, 1, 639, 'OPENING', 'OPEN/20260302020614', 2, 0, 2, '2026-03-01 17:00:00', 2),
(274, 1, 640, 'OPENING', 'OPEN/20260302020614', 13, 0, 13, '2026-03-01 17:00:00', 2),
(275, 1, 641, 'OPENING', 'OPEN/20260302020614', 7, 0, 7, '2026-03-01 17:00:00', 2),
(276, 1, 642, 'OPENING', 'OPEN/20260302020614', 6, 0, 6, '2026-03-01 17:00:00', 2),
(277, 1, 643, 'OPENING', 'OPEN/20260302020614', 3, 0, 3, '2026-03-01 17:00:00', 2),
(278, 1, 644, 'OPENING', 'OPEN/20260302020614', 2, 0, 2, '2026-03-01 17:00:00', 2),
(279, 1, 645, 'OPENING', 'OPEN/20260302020614', 5, 0, 5, '2026-03-01 17:00:00', 2),
(280, 2, 300, 'OPENING', 'OPEN/20260302020908', 177, 0, 177, '2026-03-01 17:00:00', 3),
(281, 2, 301, 'OPENING', 'OPEN/20260302020908', 507, 0, 507, '2026-03-01 17:00:00', 3),
(282, 2, 302, 'OPENING', 'OPEN/20260302020908', 40, 0, 40, '2026-03-01 17:00:00', 3),
(283, 2, 303, 'OPENING', 'OPEN/20260302020908', 114, 0, 114, '2026-03-01 17:00:00', 3),
(284, 2, 305, 'OPENING', 'OPEN/20260302020908', 39, 0, 39, '2026-03-01 17:00:00', 3),
(285, 2, 306, 'OPENING', 'OPEN/20260302020908', 5, 0, 5, '2026-03-01 17:00:00', 3),
(286, 2, 308, 'OPENING', 'OPEN/20260302020908', 11, 0, 11, '2026-03-01 17:00:00', 3),
(287, 2, 314, 'OPENING', 'OPEN/20260302020908', 9, 0, 9, '2026-03-01 17:00:00', 3),
(288, 2, 316, 'OPENING', 'OPEN/20260302020908', 598, 0, 598, '2026-03-01 17:00:00', 3),
(289, 2, 318, 'OPENING', 'OPEN/20260302020908', 31, 0, 31, '2026-03-01 17:00:00', 3),
(290, 2, 320, 'OPENING', 'OPEN/20260302020908', 80, 0, 80, '2026-03-01 17:00:00', 3),
(291, 2, 326, 'OPENING', 'OPEN/20260302020908', 10, 0, 10, '2026-03-01 17:00:00', 3),
(292, 2, 327, 'OPENING', 'OPEN/20260302020908', 30, 0, 30, '2026-03-01 17:00:00', 3),
(293, 2, 329, 'OPENING', 'OPEN/20260302020908', 13, 0, 13, '2026-03-01 17:00:00', 3),
(294, 2, 337, 'OPENING', 'OPEN/20260302020908', 9, 0, 9, '2026-03-01 17:00:00', 3),
(295, 2, 339, 'OPENING', 'OPEN/20260302020908', 598, 0, 598, '2026-03-01 17:00:00', 3),
(296, 2, 341, 'OPENING', 'OPEN/20260302020908', 31, 0, 31, '2026-03-01 17:00:00', 3),
(297, 2, 344, 'OPENING', 'OPEN/20260302020908', 80, 0, 80, '2026-03-01 17:00:00', 3),
(298, 2, 348, 'OPENING', 'OPEN/20260302020908', 10, 0, 10, '2026-03-01 17:00:00', 3),
(299, 2, 350, 'OPENING', 'OPEN/20260302020908', 30, 0, 30, '2026-03-01 17:00:00', 3),
(300, 2, 353, 'OPENING', 'OPEN/20260302020908', 13, 0, 13, '2026-03-01 17:00:00', 3),
(301, 2, 367, 'OPENING', 'OPEN/20260302020908', 10, 0, 10, '2026-03-01 17:00:00', 3),
(302, 2, 384, 'OPENING', 'OPEN/20260302020908', 5, 0, 5, '2026-03-01 17:00:00', 3),
(303, 2, 402, 'OPENING', 'OPEN/20260302020908', 3, 0, 3, '2026-03-01 17:00:00', 3),
(304, 2, 403, 'OPENING', 'OPEN/20260302020908', 2, 0, 2, '2026-03-01 17:00:00', 3),
(305, 2, 404, 'OPENING', 'OPEN/20260302020908', 1, 0, 1, '2026-03-01 17:00:00', 3),
(306, 2, 405, 'OPENING', 'OPEN/20260302020908', 8, 0, 8, '2026-03-01 17:00:00', 3),
(307, 2, 411, 'OPENING', 'OPEN/20260302020908', 3, 0, 3, '2026-03-01 17:00:00', 3),
(308, 2, 412, 'OPENING', 'OPEN/20260302020908', 1, 0, 1, '2026-03-01 17:00:00', 3),
(309, 2, 414, 'OPENING', 'OPEN/20260302020908', 6, 0, 6, '2026-03-01 17:00:00', 3),
(310, 2, 415, 'OPENING', 'OPEN/20260302020908', 8, 0, 8, '2026-03-01 17:00:00', 3),
(311, 2, 417, 'OPENING', 'OPEN/20260302020908', 1, 0, 1, '2026-03-01 17:00:00', 3),
(312, 2, 418, 'OPENING', 'OPEN/20260302020908', 147, 0, 147, '2026-03-01 17:00:00', 3),
(313, 2, 419, 'OPENING', 'OPEN/20260302020908', 3, 0, 3, '2026-03-01 17:00:00', 3),
(314, 2, 420, 'OPENING', 'OPEN/20260302020908', 7, 0, 7, '2026-03-01 17:00:00', 3),
(315, 2, 422, 'OPENING', 'OPEN/20260302020908', 51, 0, 51, '2026-03-01 17:00:00', 3),
(316, 2, 423, 'OPENING', 'OPEN/20260302020908', 16, 0, 16, '2026-03-01 17:00:00', 3),
(317, 2, 425, 'OPENING', 'OPEN/20260302020908', 14, 0, 14, '2026-03-01 17:00:00', 3),
(318, 2, 426, 'OPENING', 'OPEN/20260302020908', 22, 0, 22, '2026-03-01 17:00:00', 3),
(319, 2, 427, 'OPENING', 'OPEN/20260302020908', 46, 0, 46, '2026-03-01 17:00:00', 3),
(320, 2, 428, 'OPENING', 'OPEN/20260302020908', 34, 0, 34, '2026-03-01 17:00:00', 3),
(321, 2, 429, 'OPENING', 'OPEN/20260302020908', 3, 0, 3, '2026-03-01 17:00:00', 3),
(322, 2, 430, 'OPENING', 'OPEN/20260302020908', 18, 0, 18, '2026-03-01 17:00:00', 3),
(323, 2, 431, 'OPENING', 'OPEN/20260302020908', 8, 0, 8, '2026-03-01 17:00:00', 3),
(324, 2, 432, 'OPENING', 'OPEN/20260302020908', 6, 0, 6, '2026-03-01 17:00:00', 3),
(325, 2, 433, 'OPENING', 'OPEN/20260302020908', 14, 0, 14, '2026-03-01 17:00:00', 3),
(326, 2, 434, 'OPENING', 'OPEN/20260302020908', 20, 0, 20, '2026-03-01 17:00:00', 3),
(327, 2, 435, 'OPENING', 'OPEN/20260302020908', 43, 0, 43, '2026-03-01 17:00:00', 3),
(328, 2, 436, 'OPENING', 'OPEN/20260302020908', 30, 0, 30, '2026-03-01 17:00:00', 3),
(329, 2, 437, 'OPENING', 'OPEN/20260302020908', 22, 0, 22, '2026-03-01 17:00:00', 3),
(330, 2, 438, 'OPENING', 'OPEN/20260302020908', 33, 0, 33, '2026-03-01 17:00:00', 3),
(331, 2, 439, 'OPENING', 'OPEN/20260302020908', 113, 0, 113, '2026-03-01 17:00:00', 3),
(332, 2, 440, 'OPENING', 'OPEN/20260302020908', 116, 0, 116, '2026-03-01 17:00:00', 3),
(333, 2, 441, 'OPENING', 'OPEN/20260302020908', 146, 0, 146, '2026-03-01 17:00:00', 3),
(334, 2, 442, 'OPENING', 'OPEN/20260302020908', 29, 0, 29, '2026-03-01 17:00:00', 3),
(335, 2, 443, 'OPENING', 'OPEN/20260302020908', 21, 0, 21, '2026-03-01 17:00:00', 3),
(336, 2, 444, 'OPENING', 'OPEN/20260302020908', 49, 0, 49, '2026-03-01 17:00:00', 3),
(337, 2, 445, 'OPENING', 'OPEN/20260302020908', 37, 0, 37, '2026-03-01 17:00:00', 3),
(338, 2, 446, 'OPENING', 'OPEN/20260302020908', 31, 0, 31, '2026-03-01 17:00:00', 3),
(339, 2, 448, 'OPENING', 'OPEN/20260302020908', 10, 0, 10, '2026-03-01 17:00:00', 3),
(340, 2, 450, 'OPENING', 'OPEN/20260302020908', 123, 0, 123, '2026-03-01 17:00:00', 3),
(341, 2, 451, 'OPENING', 'OPEN/20260302020908', 139, 0, 139, '2026-03-01 17:00:00', 3),
(342, 2, 452, 'OPENING', 'OPEN/20260302020908', 120, 0, 120, '2026-03-01 17:00:00', 3),
(343, 2, 453, 'OPENING', 'OPEN/20260302020908', 88, 0, 88, '2026-03-01 17:00:00', 3),
(344, 2, 454, 'OPENING', 'OPEN/20260302020908', 45, 0, 45, '2026-03-01 17:00:00', 3),
(345, 2, 455, 'OPENING', 'OPEN/20260302020908', 72, 0, 72, '2026-03-01 17:00:00', 3),
(346, 2, 456, 'OPENING', 'OPEN/20260302020908', 9, 0, 9, '2026-03-01 17:00:00', 3),
(347, 2, 457, 'OPENING', 'OPEN/20260302020908', 26, 0, 26, '2026-03-01 17:00:00', 3),
(348, 2, 458, 'OPENING', 'OPEN/20260302020908', 144, 0, 144, '2026-03-01 17:00:00', 3),
(349, 2, 459, 'OPENING', 'OPEN/20260302020908', 5, 0, 5, '2026-03-01 17:00:00', 3),
(350, 2, 460, 'OPENING', 'OPEN/20260302020908', 5, 0, 5, '2026-03-01 17:00:00', 3),
(351, 2, 461, 'OPENING', 'OPEN/20260302020908', 26, 0, 26, '2026-03-01 17:00:00', 3),
(352, 2, 462, 'OPENING', 'OPEN/20260302020908', 111, 0, 111, '2026-03-01 17:00:00', 3),
(353, 2, 463, 'OPENING', 'OPEN/20260302020908', 111, 0, 111, '2026-03-01 17:00:00', 3),
(354, 2, 464, 'OPENING', 'OPEN/20260302020908', 27, 0, 27, '2026-03-01 17:00:00', 3),
(355, 2, 465, 'OPENING', 'OPEN/20260302020908', 55, 0, 55, '2026-03-01 17:00:00', 3),
(356, 2, 466, 'OPENING', 'OPEN/20260302020908', 7, 0, 7, '2026-03-01 17:00:00', 3),
(357, 2, 467, 'OPENING', 'OPEN/20260302020908', 19, 0, 19, '2026-03-01 17:00:00', 3),
(358, 2, 468, 'OPENING', 'OPEN/20260302020908', 30, 0, 30, '2026-03-01 17:00:00', 3),
(359, 2, 469, 'OPENING', 'OPEN/20260302020908', 101, 0, 101, '2026-03-01 17:00:00', 3),
(360, 2, 470, 'OPENING', 'OPEN/20260302020908', 5, 0, 5, '2026-03-01 17:00:00', 3),
(361, 2, 471, 'OPENING', 'OPEN/20260302020908', 5, 0, 5, '2026-03-01 17:00:00', 3),
(362, 2, 472, 'OPENING', 'OPEN/20260302020908', 15, 0, 15, '2026-03-01 17:00:00', 3),
(363, 2, 473, 'OPENING', 'OPEN/20260302020908', 4, 0, 4, '2026-03-01 17:00:00', 3),
(364, 2, 484, 'OPENING', 'OPEN/20260302020908', 5, 0, 5, '2026-03-01 17:00:00', 3),
(365, 2, 485, 'OPENING', 'OPEN/20260302020908', 2, 0, 2, '2026-03-01 17:00:00', 3),
(366, 2, 487, 'OPENING', 'OPEN/20260302020908', 2, 0, 2, '2026-03-01 17:00:00', 3),
(367, 2, 490, 'OPENING', 'OPEN/20260302020908', 1, 0, 1, '2026-03-01 17:00:00', 3),
(368, 2, 491, 'OPENING', 'OPEN/20260302020908', 1, 0, 1, '2026-03-01 17:00:00', 3),
(369, 2, 499, 'OPENING', 'OPEN/20260302020908', 10, 0, 10, '2026-03-01 17:00:00', 3),
(370, 2, 510, 'OPENING', 'OPEN/20260302020908', 154, 0, 154, '2026-03-01 17:00:00', 3),
(371, 2, 511, 'OPENING', 'OPEN/20260302020908', 127, 0, 127, '2026-03-01 17:00:00', 3),
(372, 2, 519, 'OPENING', 'OPEN/20260302020908', 12, 0, 12, '2026-03-01 17:00:00', 3),
(373, 2, 531, 'OPENING', 'OPEN/20260302020908', 15, 0, 15, '2026-03-01 17:00:00', 3),
(374, 2, 543, 'OPENING', 'OPEN/20260302020908', 5, 0, 5, '2026-03-01 17:00:00', 3),
(375, 2, 544, 'OPENING', 'OPEN/20260302020908', 7, 0, 7, '2026-03-01 17:00:00', 3),
(376, 2, 545, 'OPENING', 'OPEN/20260302020908', 2, 0, 2, '2026-03-01 17:00:00', 3),
(377, 2, 549, 'OPENING', 'OPEN/20260302020908', 46, 0, 46, '2026-03-01 17:00:00', 3),
(378, 2, 550, 'OPENING', 'OPEN/20260302020908', 61, 0, 61, '2026-03-01 17:00:00', 3),
(379, 2, 551, 'OPENING', 'OPEN/20260302020908', 40, 0, 40, '2026-03-01 17:00:00', 3),
(380, 2, 552, 'OPENING', 'OPEN/20260302020908', 35, 0, 35, '2026-03-01 17:00:00', 3),
(381, 2, 553, 'OPENING', 'OPEN/20260302020908', 5, 0, 5, '2026-03-01 17:00:00', 3),
(382, 2, 554, 'OPENING', 'OPEN/20260302020908', 239, 0, 239, '2026-03-01 17:00:00', 3),
(383, 2, 555, 'OPENING', 'OPEN/20260302020908', 82, 0, 82, '2026-03-01 17:00:00', 3),
(384, 2, 556, 'OPENING', 'OPEN/20260302020908', 65, 0, 65, '2026-03-01 17:00:00', 3),
(385, 2, 557, 'OPENING', 'OPEN/20260302020908', 5, 0, 5, '2026-03-01 17:00:00', 3),
(386, 2, 558, 'OPENING', 'OPEN/20260302020908', 9, 0, 9, '2026-03-01 17:00:00', 3),
(387, 2, 559, 'OPENING', 'OPEN/20260302020908', 22, 0, 22, '2026-03-01 17:00:00', 3),
(388, 2, 563, 'OPENING', 'OPEN/20260302020908', 14, 0, 14, '2026-03-01 17:00:00', 3),
(389, 2, 564, 'OPENING', 'OPEN/20260302020908', 39, 0, 39, '2026-03-01 17:00:00', 3),
(390, 2, 565, 'OPENING', 'OPEN/20260302020908', 37, 0, 37, '2026-03-01 17:00:00', 3),
(391, 2, 566, 'OPENING', 'OPEN/20260302020908', 26, 0, 26, '2026-03-01 17:00:00', 3),
(392, 2, 567, 'OPENING', 'OPEN/20260302020908', 47, 0, 47, '2026-03-01 17:00:00', 3),
(393, 2, 568, 'OPENING', 'OPEN/20260302020908', 114, 0, 114, '2026-03-01 17:00:00', 3),
(394, 2, 571, 'OPENING', 'OPEN/20260302020908', 6, 0, 6, '2026-03-01 17:00:00', 3),
(395, 2, 572, 'OPENING', 'OPEN/20260302020908', 3, 0, 3, '2026-03-01 17:00:00', 3),
(396, 2, 573, 'OPENING', 'OPEN/20260302020908', 2, 0, 2, '2026-03-01 17:00:00', 3),
(397, 2, 576, 'OPENING', 'OPEN/20260302020908', 6, 0, 6, '2026-03-01 17:00:00', 3),
(398, 2, 578, 'OPENING', 'OPEN/20260302020908', 4, 0, 4, '2026-03-01 17:00:00', 3),
(399, 2, 580, 'OPENING', 'OPEN/20260302020908', 10, 0, 10, '2026-03-01 17:00:00', 3),
(400, 2, 581, 'OPENING', 'OPEN/20260302020908', 8, 0, 8, '2026-03-01 17:00:00', 3),
(401, 2, 582, 'OPENING', 'OPEN/20260302020908', 4, 0, 4, '2026-03-01 17:00:00', 3),
(402, 2, 583, 'OPENING', 'OPEN/20260302020908', 4, 0, 4, '2026-03-01 17:00:00', 3),
(403, 2, 584, 'OPENING', 'OPEN/20260302020908', 10, 0, 10, '2026-03-01 17:00:00', 3),
(404, 2, 588, 'OPENING', 'OPEN/20260302020908', 8, 0, 8, '2026-03-01 17:00:00', 3),
(405, 2, 589, 'OPENING', 'OPEN/20260302020908', 2, 0, 2, '2026-03-01 17:00:00', 3),
(406, 2, 595, 'OPENING', 'OPEN/20260302020908', 1, 0, 1, '2026-03-01 17:00:00', 3),
(407, 2, 598, 'OPENING', 'OPEN/20260302020908', 3, 0, 3, '2026-03-01 17:00:00', 3),
(408, 2, 599, 'OPENING', 'OPEN/20260302020908', 4, 0, 4, '2026-03-01 17:00:00', 3),
(409, 2, 602, 'OPENING', 'OPEN/20260302020908', 14, 0, 14, '2026-03-01 17:00:00', 3),
(410, 2, 604, 'OPENING', 'OPEN/20260302020908', 13, 0, 13, '2026-03-01 17:00:00', 3),
(411, 2, 605, 'OPENING', 'OPEN/20260302020908', 105, 0, 105, '2026-03-01 17:00:00', 3),
(412, 2, 606, 'OPENING', 'OPEN/20260302020908', 44, 0, 44, '2026-03-01 17:00:00', 3),
(413, 2, 607, 'OPENING', 'OPEN/20260302020908', 104, 0, 104, '2026-03-01 17:00:00', 3),
(414, 2, 609, 'OPENING', 'OPEN/20260302020908', 23, 0, 23, '2026-03-01 17:00:00', 3),
(415, 2, 610, 'OPENING', 'OPEN/20260302020908', 15, 0, 15, '2026-03-01 17:00:00', 3),
(416, 2, 611, 'OPENING', 'OPEN/20260302020908', 15, 0, 15, '2026-03-01 17:00:00', 3),
(417, 2, 612, 'OPENING', 'OPEN/20260302020908', 92, 0, 92, '2026-03-01 17:00:00', 3),
(418, 2, 613, 'OPENING', 'OPEN/20260302020908', 63, 0, 63, '2026-03-01 17:00:00', 3),
(419, 2, 614, 'OPENING', 'OPEN/20260302020908', 295, 0, 295, '2026-03-01 17:00:00', 3),
(420, 2, 615, 'OPENING', 'OPEN/20260302020908', 11, 0, 11, '2026-03-01 17:00:00', 3),
(421, 2, 616, 'OPENING', 'OPEN/20260302020908', 36, 0, 36, '2026-03-01 17:00:00', 3),
(422, 2, 617, 'OPENING', 'OPEN/20260302020908', 4, 0, 4, '2026-03-01 17:00:00', 3),
(423, 2, 618, 'OPENING', 'OPEN/20260302020908', 1, 0, 1, '2026-03-01 17:00:00', 3),
(424, 2, 619, 'OPENING', 'OPEN/20260302020908', 4, 0, 4, '2026-03-01 17:00:00', 3),
(425, 2, 620, 'OPENING', 'OPEN/20260302020908', 52, 0, 52, '2026-03-01 17:00:00', 3),
(426, 2, 621, 'OPENING', 'OPEN/20260302020908', 38, 0, 38, '2026-03-01 17:00:00', 3),
(427, 2, 622, 'OPENING', 'OPEN/20260302020908', 30, 0, 30, '2026-03-01 17:00:00', 3),
(428, 2, 623, 'OPENING', 'OPEN/20260302020908', 64, 0, 64, '2026-03-01 17:00:00', 3),
(429, 2, 624, 'OPENING', 'OPEN/20260302020908', 46, 0, 46, '2026-03-01 17:00:00', 3),
(430, 2, 625, 'OPENING', 'OPEN/20260302020908', 38, 0, 38, '2026-03-01 17:00:00', 3),
(431, 2, 626, 'OPENING', 'OPEN/20260302020908', 14, 0, 14, '2026-03-01 17:00:00', 3),
(432, 2, 627, 'OPENING', 'OPEN/20260302020908', 75, 0, 75, '2026-03-01 17:00:00', 3),
(433, 2, 628, 'OPENING', 'OPEN/20260302020908', 69, 0, 69, '2026-03-01 17:00:00', 3),
(434, 2, 629, 'OPENING', 'OPEN/20260302020908', 5, 0, 5, '2026-03-01 17:00:00', 3),
(435, 2, 630, 'OPENING', 'OPEN/20260302020908', 7, 0, 7, '2026-03-01 17:00:00', 3),
(436, 2, 631, 'OPENING', 'OPEN/20260302020908', 24, 0, 24, '2026-03-01 17:00:00', 3),
(437, 2, 632, 'OPENING', 'OPEN/20260302020908', 7, 0, 7, '2026-03-01 17:00:00', 3),
(438, 2, 633, 'OPENING', 'OPEN/20260302020908', 115, 0, 115, '2026-03-01 17:00:00', 3),
(439, 2, 634, 'OPENING', 'OPEN/20260302020908', 17, 0, 17, '2026-03-01 17:00:00', 3),
(440, 2, 636, 'OPENING', 'OPEN/20260302020908', 4, 0, 4, '2026-03-01 17:00:00', 3),
(441, 2, 642, 'OPENING', 'OPEN/20260302020908', 2, 0, 2, '2026-03-01 17:00:00', 3),
(442, 2, 607, 'DO', 'DO/20260302024251', 0, 59, 45, '2026-03-02 02:42:51', NULL),
(443, 2, 609, 'DO', 'DO/20260302024535', 0, 13, 10, '2026-03-02 02:45:35', NULL),
(444, 2, 612, 'DO', 'DO/20260302024535', 0, 15, 77, '2026-03-02 02:45:35', NULL),
(445, 2, 303, 'DO', 'DO/20260302024535', 0, 13, 101, '2026-03-02 02:45:35', NULL),
(446, 2, 384, 'DO', 'DO/20260302024535', 0, 5, 0, '2026-03-02 02:45:35', NULL),
(447, 2, 457, 'DO', 'DO/20260302024535', 0, 10, 16, '2026-03-02 02:45:35', NULL),
(448, 2, 438, 'DO', 'DO/20260302024720', 0, 33, 0, '2026-03-02 02:47:20', NULL),
(449, 2, 301, 'DO', 'DO/20260302030508', 0, 1, 506, '2026-03-02 03:05:08', NULL),
(450, 2, 439, 'DO', 'DO/20260302030534', 0, 2, 111, '2026-03-02 03:05:34', NULL),
(451, 2, 454, 'DO', 'DO/20260302030557', 0, 2, 43, '2026-03-02 03:05:57', NULL),
(452, 1, 435, 'GR', 'GR/20260302034311', 19, 0, 19, '2026-03-02 03:43:11', NULL),
(453, 1, 451, 'GR', 'GR/20260302034311', 25, 0, 32, '2026-03-02 03:43:11', NULL),
(454, 1, 303, 'GR', 'GR/20260302040811', 5, 0, 5, '2026-03-02 04:08:11', NULL),
(455, 1, 626, 'GR', 'GR/20260302040811', 7, 0, 8, '2026-03-02 04:08:11', NULL),
(456, 1, 649, 'GR', 'GR/20260302040811', 2, 0, 2, '2026-03-02 04:08:11', NULL),
(457, 1, 648, 'GR', 'GR/20260302040811', 2, 0, 2, '2026-03-02 04:08:11', NULL),
(458, 1, 518, 'GR', 'GR/20260302040811', 2, 0, 4, '2026-03-02 04:08:11', NULL),
(459, 1, 518, 'GR', 'GR/20260302040811', 3, 0, 7, '2026-03-02 04:08:11', NULL),
(460, 1, 357, 'GR', 'GR/20260302040811', 3, 0, 5, '2026-03-02 04:08:11', NULL),
(461, 1, 335, 'GR', 'GR/20260302040811', 3, 0, 5, '2026-03-02 04:08:11', NULL),
(462, 1, 301, 'GR', 'GR/20260302040811', 5, 0, 9, '2026-03-02 04:08:11', NULL),
(463, 1, 303, 'GR', 'GR/20260302040811', 5, 0, 10, '2026-03-02 04:08:11', NULL),
(464, 1, 442, 'GR', 'GR/20260302040811', 5, 0, 5, '2026-03-02 04:08:11', NULL),
(465, 1, 303, 'VOID_GR', 'GR/20260302040811', 0, 5, 5, '2026-03-02 04:08:21', NULL),
(466, 1, 626, 'VOID_GR', 'GR/20260302040811', 0, 7, 1, '2026-03-02 04:08:21', NULL),
(467, 1, 649, 'VOID_GR', 'GR/20260302040811', 0, 2, 0, '2026-03-02 04:08:21', NULL),
(468, 1, 648, 'VOID_GR', 'GR/20260302040811', 0, 2, 0, '2026-03-02 04:08:21', NULL),
(469, 1, 518, 'VOID_GR', 'GR/20260302040811', 0, 2, 5, '2026-03-02 04:08:21', NULL),
(470, 1, 518, 'VOID_GR', 'GR/20260302040811', 0, 3, 2, '2026-03-02 04:08:21', NULL),
(471, 1, 357, 'VOID_GR', 'GR/20260302040811', 0, 3, 2, '2026-03-02 04:08:21', NULL),
(472, 1, 335, 'VOID_GR', 'GR/20260302040811', 0, 3, 2, '2026-03-02 04:08:21', NULL),
(473, 1, 301, 'VOID_GR', 'GR/20260302040811', 0, 5, 4, '2026-03-02 04:08:21', NULL),
(474, 1, 303, 'VOID_GR', 'GR/20260302040811', 0, 5, 0, '2026-03-02 04:08:21', NULL),
(475, 1, 442, 'VOID_GR', 'GR/20260302040811', 0, 5, 0, '2026-03-02 04:08:21', NULL),
(476, 2, 418, 'DO', 'DO/20260302070729', 0, 10, 137, '2026-03-02 07:07:29', NULL),
(477, 2, 403, 'DO', 'DO/20260302070729', 0, 2, 0, '2026-03-02 07:07:29', NULL),
(478, 2, 566, 'DO', 'DO/20260302070729', 0, 2, 24, '2026-03-02 07:07:29', NULL),
(479, 2, 565, 'DO', 'DO/20260302070729', 0, 2, 35, '2026-03-02 07:07:29', NULL),
(480, 2, 418, 'VOID_DO', 'DO/20260302070729', 10, 0, 147, '2026-03-02 07:08:52', NULL),
(481, 2, 403, 'VOID_DO', 'DO/20260302070729', 2, 0, 2, '2026-03-02 07:08:52', NULL),
(482, 2, 566, 'VOID_DO', 'DO/20260302070729', 2, 0, 26, '2026-03-02 07:08:52', NULL),
(483, 2, 565, 'VOID_DO', 'DO/20260302070729', 2, 0, 37, '2026-03-02 07:08:52', NULL),
(484, 2, 418, 'DO', 'DO/20260302071110', 0, 10, 137, '2026-03-02 07:11:10', NULL),
(485, 2, 403, 'DO', 'DO/20260302071110', 0, 2, 0, '2026-03-02 07:11:10', NULL),
(486, 2, 566, 'DO', 'DO/20260302071110', 0, 2, 24, '2026-03-02 07:11:10', NULL),
(487, 2, 565, 'DO', 'DO/20260302071110', 0, 2, 35, '2026-03-02 07:11:10', NULL),
(488, 2, 556, 'DO', 'DO/20260302071110', 0, 3, 62, '2026-03-02 07:11:10', NULL),
(489, 2, 554, 'DO', 'DO/20260302071110', 0, 3, 236, '2026-03-02 07:11:10', NULL),
(490, 2, 549, 'DO', 'DO/20260302071110', 0, 1, 45, '2026-03-02 07:11:10', NULL),
(491, 2, 613, 'DO', 'DO/20260302071110', 0, 8, 55, '2026-03-02 07:11:10', NULL),
(492, 2, 614, 'DO', 'DO/20260302071110', 0, 3, 292, '2026-03-02 07:11:10', NULL),
(493, 2, 444, 'DO', 'DO/20260302071110', 0, 5, 44, '2026-03-02 07:11:10', NULL),
(494, 2, 422, 'DO', 'DO/20260302071110', 0, 3, 48, '2026-03-02 07:11:10', NULL),
(495, 2, 300, 'DO', 'DO/2026030247', 0, 30, 147, '2026-03-02 07:47:58', NULL),
(496, 2, 301, 'DO', 'DO/2026030247', 0, 20, 486, '2026-03-02 07:47:58', NULL),
(497, 2, 445, 'DO', 'DO/2026030247', 0, 5, 32, '2026-03-02 07:47:58', NULL),
(498, 2, 458, 'DO', 'DO/2026030247', 0, 5, 139, '2026-03-02 07:47:58', NULL),
(499, 2, 465, 'DO', 'DO/2026030247', 0, 10, 45, '2026-03-02 07:47:58', NULL),
(500, 2, 550, 'DO', 'DO/2026030247', 0, 5, 56, '2026-03-02 07:47:58', NULL),
(501, 2, 606, 'DO', 'DO/2026030247', 0, 10, 34, '2026-03-02 07:47:58', NULL),
(502, 2, 472, 'DO', 'DO/2026030247', 0, 2, 13, '2026-03-02 07:47:58', NULL),
(503, 2, 620, 'DO', 'DO/2026030247', 0, 5, 47, '2026-03-02 07:47:58', NULL),
(504, 2, 303, 'DO', 'DO/2026030247', 0, 5, 96, '2026-03-02 07:47:58', NULL),
(505, 2, 572, 'DO', 'DO/202603025011', 0, 1, 2, '2026-03-02 07:50:11', NULL),
(506, 2, 308, 'DO', 'DO/202603025011', 0, 1, 10, '2026-03-02 07:50:11', NULL),
(507, 2, 301, 'DO', 'DO/202603025011', 0, 5, 481, '2026-03-02 07:50:11', NULL),
(508, 2, 510, 'DO', 'DO/202603025011', 0, 6, 148, '2026-03-02 07:50:11', NULL),
(509, 2, 511, 'DO', 'DO/202603025011', 0, 6, 121, '2026-03-02 07:50:11', NULL),
(510, 2, 566, 'DO', 'DO/202603023412', 0, 3, 21, '2026-03-02 08:34:12', NULL),
(511, 2, 559, 'DO', 'DO/202603023412', 0, 1, 21, '2026-03-02 08:34:12', NULL),
(512, 2, 568, 'DO', 'DO/202603023412', 0, 2, 112, '2026-03-02 08:34:12', NULL),
(513, 2, 427, 'DO', 'DO/202603023412', 0, 1, 45, '2026-03-02 08:34:12', NULL),
(514, 2, 613, 'DO', 'DO/202603023412', 0, 1, 54, '2026-03-02 08:34:12', NULL),
(515, 2, 633, 'DO', 'DO/202603023412', 0, 1, 114, '2026-03-02 08:34:12', NULL),
(516, 2, 451, 'DO', 'DO/202603023412', 0, 1, 138, '2026-03-02 08:34:12', NULL),
(517, 2, 583, 'DO', 'DO/202603023412', 0, 1, 3, '2026-03-02 08:34:12', NULL),
(518, 2, 589, 'DO', 'DO/202603022836', 0, 1, 1, '2026-03-02 09:28:36', NULL),
(519, 2, 418, 'DO', 'DO/202603022836', 0, 3, 134, '2026-03-02 09:28:36', NULL),
(520, 2, 568, 'DO', 'DO/202603022836', 0, 3, 109, '2026-03-02 09:28:36', NULL),
(521, 2, 563, 'DO', 'DO/202603022836', 0, 2, 12, '2026-03-02 09:28:36', NULL),
(522, 2, 551, 'DO', 'DO/202603022836', 0, 2, 38, '2026-03-02 09:28:36', NULL),
(523, 2, 428, 'DO', 'DO/202603022836', 0, 2, 32, '2026-03-02 09:28:36', NULL),
(524, 2, 614, 'DO', 'DO/202603022836', 0, 2, 290, '2026-03-02 09:28:36', NULL),
(525, 2, 620, 'DO', 'DO/202603022836', 0, 2, 45, '2026-03-02 09:28:36', NULL),
(526, 2, 576, 'DO', 'DO/202603022836', 0, 2, 4, '2026-03-02 09:28:36', NULL),
(527, 2, 582, 'DO', 'DO/202603022836', 0, 1, 3, '2026-03-02 09:28:36', NULL),
(528, 2, 581, 'DO', 'DO/202603022836', 0, 1, 7, '2026-03-02 09:28:36', NULL),
(529, 2, 316, 'DO', 'DO/202603023319', 0, 10, 588, '2026-03-02 09:33:19', NULL),
(530, 2, 339, 'DO', 'DO/202603023319', 0, 10, 588, '2026-03-02 09:33:19', NULL),
(531, 2, 327, 'DO', 'DO/202603023319', 0, 2, 28, '2026-03-02 09:33:19', NULL),
(532, 2, 350, 'DO', 'DO/202603023319', 0, 2, 28, '2026-03-02 09:33:19', NULL),
(533, 2, 568, 'DO', 'DO/202603023319', 0, 6, 103, '2026-03-02 09:33:19', NULL),
(534, 2, 554, 'DO', 'DO/202603023319', 0, 8, 228, '2026-03-02 09:33:19', NULL),
(535, 2, 620, 'DO', 'DO/202603023319', 0, 3, 42, '2026-03-02 09:33:19', NULL),
(536, 2, 633, 'DO', 'DO/202603023319', 0, 2, 112, '2026-03-02 09:33:19', NULL),
(537, 2, 433, 'DO', 'DO/202603023319', 0, 2, 12, '2026-03-02 09:33:19', NULL),
(538, 2, 598, 'DO', 'DO/202603023319', 0, 2, 1, '2026-03-02 09:33:19', NULL),
(539, 2, 599, 'DO', 'DO/202603023319', 0, 3, 1, '2026-03-02 09:33:19', NULL),
(540, 2, 458, 'DO', 'DO/202603023319', 0, 5, 134, '2026-03-02 09:33:19', NULL),
(541, 2, 469, 'DO', 'DO/202603023319', 0, 3, 98, '2026-03-02 09:33:19', NULL),
(542, 2, 418, 'DO', 'DO/202603023319', 0, 2, 132, '2026-03-02 09:33:19', NULL),
(543, 2, 588, 'DO', 'DO/202603023319', 0, 2, 6, '2026-03-02 09:33:19', NULL),
(544, 2, 301, 'DO', 'DO/202603023319', 0, 10, 471, '2026-03-02 09:33:19', NULL),
(545, 2, 642, 'DO', 'DO/202603023319', 0, 2, 0, '2026-03-02 09:33:19', NULL),
(546, 2, 614, 'DO', 'DO/202603023319', 0, 3, 287, '2026-03-02 09:33:19', NULL),
(547, 2, 576, 'DO', 'DO/202603023319', 0, 2, 2, '2026-03-02 09:33:19', NULL),
(548, 2, 582, 'DO', 'DO/202603023319', 0, 2, 1, '2026-03-02 09:33:19', NULL),
(549, 2, 583, 'DO', 'DO/202603023319', 0, 1, 2, '2026-03-02 09:33:19', NULL),
(550, 2, 555, 'DO', 'DO/202603023403', 0, 10, 72, '2026-03-02 09:34:03', NULL),
(551, 2, 554, 'DO', 'DO/202603023403', 0, 10, 218, '2026-03-02 09:34:03', NULL),
(552, 2, 633, 'DO', 'DO/202603023530', 0, 5, 107, '2026-03-02 09:35:30', NULL),
(553, 2, 418, 'DO', 'DO/202603023530', 0, 5, 127, '2026-03-02 09:35:30', NULL),
(554, 2, 367, 'DO', 'DO/202603023530', 0, 2, 8, '2026-03-02 09:35:30', NULL),
(555, 1, 435, 'VOID_GR', 'GR/20260302034311', 0, 19, 0, '2026-03-02 09:56:53', NULL),
(556, 1, 451, 'VOID_GR', 'GR/20260302034311', 0, 25, 7, '2026-03-02 09:56:53', NULL),
(557, 1, 301, 'GR', 'GR/202603025905', 51, 0, 55, '2026-03-02 09:59:05', NULL),
(558, 1, 303, 'GR', 'GR/202603025905', 41, 0, 41, '2026-03-02 09:59:05', NULL),
(559, 1, 443, 'GR', 'GR/202603025905', 10, 0, 15, '2026-03-02 09:59:05', NULL),
(560, 1, 628, 'GR', 'GR/202603025905', 20, 0, 22, '2026-03-02 09:59:05', NULL),
(561, 1, 631, 'GR', 'GR/202603025905', 5, 0, 6, '2026-03-02 09:59:05', NULL),
(562, 2, 652, 'GR', 'GR/202603020710', 2, 0, 2, '2026-03-02 10:07:10', NULL),
(563, 2, 477, 'GR', 'GR/202603020710', 3, 0, 3, '2026-03-02 10:07:10', NULL),
(564, 2, 653, 'GR', 'GR/202603020710', 1, 0, 1, '2026-03-02 10:07:10', NULL),
(565, 2, 488, 'GR', 'GR/202603020710', 2, 0, 2, '2026-03-02 10:07:10', NULL),
(566, 2, 497, 'GR', 'GR/202603020710', 50, 0, 50, '2026-03-02 10:07:10', NULL),
(567, 2, 499, 'GR', 'GR/202603020710', 50, 0, 60, '2026-03-02 10:07:10', NULL),
(568, 2, 531, 'GR', 'GR/202603020710', 5, 0, 20, '2026-03-02 10:07:10', NULL),
(569, 2, 654, 'GR', 'GR/202603020710', 21, 0, 21, '2026-03-02 10:07:10', NULL),
(570, 2, 538, 'GR', 'GR/202603020710', 10, 0, 10, '2026-03-02 10:07:10', NULL),
(571, 2, 585, 'GR', 'GR/202603020710', 3, 0, 3, '2026-03-02 10:07:10', NULL),
(572, 2, 588, 'GR', 'GR/202603020710', 21, 0, 27, '2026-03-02 10:07:10', NULL),
(573, 2, 598, 'GR', 'GR/202603020710', 2, 0, 3, '2026-03-02 10:07:10', NULL),
(574, 2, 599, 'GR', 'GR/202603020710', 3, 0, 4, '2026-03-02 10:07:10', NULL),
(575, 1, 303, 'GR', 'GR/202603020733', 10, 0, 51, '2026-03-02 10:07:33', NULL),
(576, 1, 312, 'GR', 'GR/202603020733', 4, 0, 7, '2026-03-02 10:07:33', NULL),
(577, 1, 344, 'GR', 'GR/202603020733', 32, 0, 99, '2026-03-02 10:07:33', NULL),
(578, 1, 325, 'GR', 'GR/202603020733', 3, 0, 27, '2026-03-02 10:07:33', NULL),
(579, 1, 326, 'GR', 'GR/202603020733', 7, 0, 17, '2026-03-02 10:07:33', NULL),
(580, 1, 327, 'GR', 'GR/202603020733', 1, 0, 1, '2026-03-02 10:07:33', NULL),
(581, 1, 344, 'GR', 'GR/202603020733', 32, 0, 131, '2026-03-02 10:07:33', NULL),
(582, 1, 345, 'GR', 'GR/202603020733', 3, 0, 27, '2026-03-02 10:07:33', NULL),
(583, 1, 348, 'GR', 'GR/202603020733', 7, 0, 17, '2026-03-02 10:07:33', NULL),
(584, 1, 350, 'GR', 'GR/202603020733', 1, 0, 1, '2026-03-02 10:07:33', NULL),
(585, 1, 442, 'GR', 'GR/202603020733', 15, 0, 15, '2026-03-02 10:07:33', NULL),
(586, 1, 443, 'GR', 'GR/202603020733', 10, 0, 25, '2026-03-02 10:07:33', NULL),
(587, 1, 472, 'GR', 'GR/202603020733', 11, 0, 94, '2026-03-02 10:07:33', NULL),
(588, 1, 519, 'GR', 'GR/202603020733', 9, 0, 48, '2026-03-02 10:07:33', NULL),
(589, 1, 549, 'GR', 'GR/202603020733', 8, 0, 8, '2026-03-02 10:07:33', NULL),
(590, 1, 550, 'GR', 'GR/202603020733', 7, 0, 7, '2026-03-02 10:07:33', NULL),
(591, 1, 552, 'GR', 'GR/202603020733', 1, 0, 15, '2026-03-02 10:07:33', NULL),
(592, 1, 572, 'GR', 'GR/202603020733', 5, 0, 5, '2026-03-02 10:07:33', NULL),
(593, 1, 583, 'GR', 'GR/202603020733', 10, 0, 19, '2026-03-02 10:07:33', NULL),
(594, 1, 626, 'GR', 'GR/202603020733', 28, 0, 29, '2026-03-02 10:07:33', NULL),
(595, 1, 628, 'GR', 'GR/202603020733', 10, 0, 32, '2026-03-02 10:07:33', NULL),
(596, 1, 455, 'GR', 'GR/202603021008', 10, 0, 20, '2026-03-02 10:10:08', NULL),
(597, 1, 549, 'GR', 'GR/202603021008', 10, 0, 18, '2026-03-02 10:10:08', NULL),
(598, 1, 614, 'GR', 'GR/202603021008', 25, 0, 25, '2026-03-02 10:10:08', NULL),
(599, 1, 301, 'GR', 'GR/202603021008', 35, 0, 90, '2026-03-02 10:10:08', NULL),
(600, 1, 320, 'GR', 'GR/202603021008', 80, 0, 136, '2026-03-02 10:10:08', NULL),
(601, 1, 344, 'GR', 'GR/202603021008', 80, 0, 211, '2026-03-02 10:10:08', NULL),
(602, 1, 442, 'GR', 'GR/202603021008', 15, 0, 30, '2026-03-02 10:10:08', NULL),
(603, 1, 443, 'GR', 'GR/202603021008', 5, 0, 30, '2026-03-02 10:10:08', NULL),
(604, 2, 375, 'GR', 'GR/202603025344', 2, 0, 2, '2026-03-02 10:53:44', NULL),
(605, 2, 403, 'GR', 'GR/202603025344', 3, 0, 3, '2026-03-02 10:53:44', NULL),
(606, 2, 410, 'GR', 'GR/202603025344', 1, 0, 1, '2026-03-02 10:53:44', NULL),
(607, 2, 607, 'GR', 'GR/202603025344', 27, 0, 72, '2026-03-02 10:53:44', NULL),
(608, 2, 623, 'GR', 'GR/202603025344', 15, 0, 79, '2026-03-02 10:53:44', NULL),
(609, 2, 624, 'GR', 'GR/202603025344', 15, 0, 61, '2026-03-02 10:53:44', NULL),
(610, 2, 301, 'GR', 'GR/202603025615', 51, 0, 522, '2026-03-02 10:56:15', NULL),
(611, 2, 303, 'GR', 'GR/202603025615', 41, 0, 137, '2026-03-02 10:56:15', NULL);
INSERT INTO `stock_cards` (`id`, `warehouse_id`, `item_id`, `transaction_type`, `reference_number`, `qty_in`, `qty_out`, `balance_after`, `created_at`, `opening_batch_id`) VALUES
(612, 2, 443, 'GR', 'GR/202603025615', 10, 0, 31, '2026-03-02 10:56:15', NULL),
(613, 2, 628, 'GR', 'GR/202603025615', 20, 0, 89, '2026-03-02 10:56:15', NULL),
(614, 2, 631, 'GR', 'GR/202603025615', 5, 0, 29, '2026-03-02 10:56:15', NULL),
(615, 1, 652, 'GR', 'GR/202603024002', 2, 0, 2, '2026-03-02 11:40:02', NULL),
(616, 1, 477, 'GR', 'GR/202603024002', 3, 0, 12, '2026-03-02 11:40:02', NULL),
(617, 1, 653, 'GR', 'GR/202603024002', 1, 0, 1, '2026-03-02 11:40:02', NULL),
(618, 1, 488, 'GR', 'GR/202603024002', 2, 0, 3, '2026-03-02 11:40:02', NULL),
(619, 1, 497, 'GR', 'GR/202603024002', 50, 0, 236, '2026-03-02 11:40:02', NULL),
(620, 1, 499, 'GR', 'GR/202603024002', 50, 0, 156, '2026-03-02 11:40:02', NULL),
(621, 1, 531, 'GR', 'GR/202603024002', 5, 0, 6, '2026-03-02 11:40:02', NULL),
(622, 1, 654, 'GR', 'GR/202603024002', 21, 0, 21, '2026-03-02 11:40:02', NULL),
(623, 1, 538, 'GR', 'GR/202603024002', 10, 0, 11, '2026-03-02 11:40:02', NULL),
(624, 1, 585, 'GR', 'GR/202603024002', 3, 0, 25, '2026-03-02 11:40:02', NULL),
(625, 1, 588, 'GR', 'GR/202603024002', 21, 0, 42, '2026-03-02 11:40:02', NULL),
(626, 1, 598, 'GR', 'GR/202603024002', 2, 0, 2, '2026-03-02 11:40:02', NULL),
(627, 1, 599, 'GR', 'GR/202603024002', 3, 0, 3, '2026-03-02 11:40:02', NULL),
(628, 2, 655, 'GR', 'GR/202603031840', 1, 0, 1, '2026-03-03 02:18:40', NULL),
(629, 2, 405, 'GR', 'GR/202603031840', 4, 0, 12, '2026-03-03 02:18:40', NULL),
(630, 2, 410, 'GR', 'GR/202603031840', 1, 0, 2, '2026-03-03 02:18:40', NULL),
(631, 2, 411, 'GR', 'GR/202603031840', 2, 0, 5, '2026-03-03 02:18:40', NULL),
(632, 2, 531, 'GR', 'GR/202603031840', 5, 0, 25, '2026-03-03 02:18:40', NULL),
(633, 2, 599, 'GR', 'GR/202603031840', 9, 0, 13, '2026-03-03 02:18:40', NULL),
(634, 2, 303, 'GR', 'GR/202603032535', 10, 0, 147, '2026-03-03 02:25:35', NULL),
(635, 2, 312, 'GR', 'GR/202603032535', 4, 0, 4, '2026-03-03 02:25:35', NULL),
(636, 2, 320, 'GR', 'GR/202603032535', 32, 0, 112, '2026-03-03 02:25:35', NULL),
(637, 2, 325, 'GR', 'GR/202603032535', 3, 0, 3, '2026-03-03 02:25:35', NULL),
(638, 2, 326, 'GR', 'GR/202603032535', 7, 0, 17, '2026-03-03 02:25:35', NULL),
(639, 2, 327, 'GR', 'GR/202603032535', 1, 0, 29, '2026-03-03 02:25:35', NULL),
(640, 2, 344, 'GR', 'GR/202603032535', 32, 0, 112, '2026-03-03 02:25:35', NULL),
(641, 2, 345, 'GR', 'GR/202603032535', 3, 0, 3, '2026-03-03 02:25:35', NULL),
(642, 2, 348, 'GR', 'GR/202603032535', 7, 0, 17, '2026-03-03 02:25:35', NULL),
(643, 2, 350, 'GR', 'GR/202603032535', 1, 0, 29, '2026-03-03 02:25:35', NULL),
(644, 2, 442, 'GR', 'GR/202603032535', 15, 0, 44, '2026-03-03 02:25:35', NULL),
(645, 2, 443, 'GR', 'GR/202603032535', 10, 0, 41, '2026-03-03 02:25:35', NULL),
(646, 2, 472, 'GR', 'GR/202603032535', 11, 0, 24, '2026-03-03 02:25:35', NULL),
(647, 2, 519, 'GR', 'GR/202603032535', 9, 0, 21, '2026-03-03 02:25:35', NULL),
(648, 2, 549, 'GR', 'GR/202603032535', 8, 0, 53, '2026-03-03 02:25:35', NULL),
(649, 2, 550, 'GR', 'GR/202603032535', 7, 0, 63, '2026-03-03 02:25:35', NULL),
(650, 2, 552, 'GR', 'GR/202603032535', 1, 0, 36, '2026-03-03 02:25:35', NULL),
(651, 2, 572, 'GR', 'GR/202603032535', 5, 0, 7, '2026-03-03 02:25:35', NULL),
(652, 2, 583, 'GR', 'GR/202603032535', 10, 0, 12, '2026-03-03 02:25:35', NULL),
(653, 2, 626, 'GR', 'GR/202603032535', 28, 0, 42, '2026-03-03 02:25:35', NULL),
(654, 2, 628, 'GR', 'GR/202603032535', 10, 0, 99, '2026-03-03 02:25:35', NULL),
(655, 1, 442, 'GR', 'GR/202603032916', 15, 0, 45, '2026-03-03 02:29:16', NULL),
(656, 1, 443, 'GR', 'GR/202603032916', 15, 0, 45, '2026-03-03 02:29:16', NULL),
(657, 1, 444, 'GR', 'GR/202603032916', 15, 0, 35, '2026-03-03 02:29:16', NULL),
(658, 1, 451, 'GR', 'GR/202603032916', 8, 0, 15, '2026-03-03 02:29:16', NULL),
(659, 1, 458, 'GR', 'GR/202603032916', 32, 0, 33, '2026-03-03 02:29:16', NULL),
(660, 1, 614, 'GR', 'GR/202603032916', 30, 0, 55, '2026-03-03 02:29:16', NULL),
(661, 1, 622, 'GR', 'GR/202603032916', 15, 0, 15, '2026-03-03 02:29:16', NULL),
(662, 2, 301, 'GR', 'GR/202603032951', 35, 0, 557, '2026-03-03 02:29:51', NULL),
(663, 2, 320, 'GR', 'GR/202603032951', 80, 0, 192, '2026-03-03 02:29:51', NULL),
(664, 2, 344, 'GR', 'GR/202603032951', 80, 0, 192, '2026-03-03 02:29:51', NULL),
(665, 2, 442, 'GR', 'GR/202603032951', 15, 0, 59, '2026-03-03 02:29:51', NULL),
(666, 2, 443, 'GR', 'GR/202603032951', 5, 0, 46, '2026-03-03 02:29:51', NULL),
(667, 2, 455, 'GR', 'GR/202603032951', 10, 0, 82, '2026-03-03 02:29:51', NULL),
(668, 2, 549, 'GR', 'GR/202603032951', 10, 0, 63, '2026-03-03 02:29:51', NULL),
(669, 2, 614, 'GR', 'GR/202603032951', 25, 0, 312, '2026-03-03 02:29:51', NULL),
(670, 2, 442, 'GR', 'GR/202603033300', 15, 0, 74, '2026-03-03 02:33:00', NULL),
(671, 2, 443, 'GR', 'GR/202603033300', 15, 0, 61, '2026-03-03 02:33:00', NULL),
(672, 2, 444, 'GR', 'GR/202603033300', 15, 0, 59, '2026-03-03 02:33:00', NULL),
(673, 2, 451, 'GR', 'GR/202603033300', 8, 0, 146, '2026-03-03 02:33:00', NULL),
(674, 2, 458, 'GR', 'GR/202603033300', 32, 0, 166, '2026-03-03 02:33:00', NULL),
(675, 2, 614, 'GR', 'GR/202603033300', 30, 0, 342, '2026-03-03 02:33:00', NULL),
(676, 2, 622, 'GR', 'GR/202603033300', 15, 0, 45, '2026-03-03 02:33:00', NULL),
(677, 2, 442, 'GR', 'GR/202603033516', 10, 0, 84, '2026-03-03 02:35:16', NULL),
(678, 2, 443, 'GR', 'GR/202603033516', 10, 0, 71, '2026-03-03 02:35:16', NULL),
(679, 2, 444, 'GR', 'GR/202603033516', 10, 0, 69, '2026-03-03 02:35:16', NULL),
(680, 2, 451, 'GR', 'GR/202603033516', 20, 0, 166, '2026-03-03 02:35:16', NULL),
(681, 2, 458, 'GR', 'GR/202603033516', 20, 0, 186, '2026-03-03 02:35:16', NULL),
(682, 2, 614, 'GR', 'GR/202603033516', 45, 0, 387, '2026-03-03 02:35:16', NULL),
(683, 1, 375, 'GR', 'GR/202603033842', 2, 0, 5, '2026-03-03 02:38:42', NULL),
(684, 1, 403, 'GR', 'GR/202603033842', 3, 0, 7, '2026-03-03 02:38:42', NULL),
(685, 1, 410, 'GR', 'GR/202603033842', 1, 0, 10, '2026-03-03 02:38:42', NULL),
(686, 1, 607, 'GR', 'GR/202603033842', 27, 0, 50, '2026-03-03 02:38:42', NULL),
(687, 1, 623, 'GR', 'GR/202603033842', 15, 0, 23, '2026-03-03 02:38:42', NULL),
(688, 1, 624, 'GR', 'GR/202603033842', 15, 0, 17, '2026-03-03 02:38:42', NULL),
(689, 2, 576, 'DO', 'DO/202603034028', 0, 2, 0, '2026-03-03 02:40:28', NULL),
(690, 2, 581, 'DO', 'DO/202603034028', 0, 2, 5, '2026-03-03 02:40:28', NULL),
(691, 2, 582, 'DO', 'DO/202603034028', 0, 1, 0, '2026-03-03 02:40:28', NULL),
(692, 2, 583, 'DO', 'DO/202603034028', 0, 2, 10, '2026-03-03 02:40:28', NULL),
(693, 2, 427, 'DO', 'DO/202603034028', 0, 5, 40, '2026-03-03 02:40:28', NULL),
(694, 2, 568, 'DO', 'DO/202603034028', 0, 5, 98, '2026-03-03 02:40:28', NULL),
(695, 2, 633, 'DO', 'DO/202603034028', 0, 5, 102, '2026-03-03 02:40:28', NULL),
(696, 2, 607, 'DO', 'DO/202603034028', 0, 5, 67, '2026-03-03 02:40:28', NULL),
(697, 2, 455, 'DO', 'DO/202603034028', 0, 3, 79, '2026-03-03 02:40:28', NULL),
(698, 2, 441, 'DO', 'DO/202603034028', 0, 5, 141, '2026-03-03 02:40:28', NULL),
(699, 2, 327, 'DO', 'DO/202603034028', 0, 3, 26, '2026-03-03 02:40:28', NULL),
(700, 2, 350, 'DO', 'DO/202603034028', 0, 3, 26, '2026-03-03 02:40:28', NULL),
(701, 1, 442, 'GR', 'GR/202603034207', 10, 0, 55, '2026-03-03 02:42:07', NULL),
(702, 1, 443, 'GR', 'GR/202603034207', 10, 0, 55, '2026-03-03 02:42:07', NULL),
(703, 1, 444, 'GR', 'GR/202603034207', 10, 0, 45, '2026-03-03 02:42:07', NULL),
(704, 1, 451, 'GR', 'GR/202603034207', 20, 0, 35, '2026-03-03 02:42:07', NULL),
(705, 1, 458, 'GR', 'GR/202603034207', 20, 0, 53, '2026-03-03 02:42:07', NULL),
(706, 1, 614, 'GR', 'GR/202603034207', 45, 0, 100, '2026-03-03 02:42:07', NULL),
(707, 2, 320, 'DO', 'DO/202603034220', 0, 25, 167, '2026-03-03 02:42:20', NULL),
(708, 2, 344, 'DO', 'DO/202603034220', 0, 25, 167, '2026-03-03 02:42:20', NULL),
(709, 2, 316, 'DO', 'DO/202603034220', 0, 10, 578, '2026-03-03 02:42:20', NULL),
(710, 2, 339, 'DO', 'DO/202603034220', 0, 10, 578, '2026-03-03 02:42:20', NULL),
(711, 1, 655, 'GR', 'GR/202603034227', 1, 0, 1, '2026-03-03 02:42:27', NULL),
(712, 1, 655, 'VOID_GR', 'GR/202603034227', 0, 1, 0, '2026-03-03 02:42:34', NULL),
(713, 1, 655, 'GR', 'GR/202603034502', 1, 0, 1, '2026-03-03 02:45:02', NULL),
(714, 1, 405, 'GR', 'GR/202603034502', 4, 0, 7, '2026-03-03 02:45:02', NULL),
(715, 1, 410, 'GR', 'GR/202603034502', 1, 0, 11, '2026-03-03 02:45:02', NULL),
(716, 1, 411, 'GR', 'GR/202603034502', 2, 0, 7, '2026-03-03 02:45:02', NULL),
(717, 1, 531, 'GR', 'GR/202603034502', 5, 0, 11, '2026-03-03 02:45:02', NULL),
(718, 1, 599, 'GR', 'GR/202603034502', 9, 0, 12, '2026-03-03 02:45:02', NULL),
(719, 2, 418, 'DO', 'DO/202603034727', 0, 2, 125, '2026-03-03 02:47:27', NULL),
(720, 2, 565, 'DO', 'DO/202603034727', 0, 2, 33, '2026-03-03 02:47:27', NULL),
(721, 2, 303, 'DO', 'DO/202603034727', 0, 2, 145, '2026-03-03 02:47:27', NULL),
(722, 2, 301, 'DO', 'DO/202603034727', 0, 7, 550, '2026-03-03 02:47:27', NULL),
(723, 2, 316, 'DO', 'DO/202603034727', 0, 5, 573, '2026-03-03 02:47:27', NULL),
(724, 2, 339, 'DO', 'DO/202603034727', 0, 5, 573, '2026-03-03 02:47:27', NULL),
(725, 2, 422, 'DO', 'DO/202603034727', 0, 3, 45, '2026-03-03 02:47:27', NULL),
(726, 2, 300, 'DO', 'DO/202603034727', 0, 15, 132, '2026-03-03 02:47:27', NULL),
(727, 2, 301, 'DO', 'DO/202603034727', 0, 20, 530, '2026-03-03 02:47:27', NULL),
(728, 2, 554, 'DO', 'DO/202603034727', 0, 5, 213, '2026-03-03 02:47:27', NULL),
(729, 2, 552, 'DO', 'DO/202603034727', 0, 2, 34, '2026-03-03 02:47:27', NULL),
(730, 2, 555, 'DO', 'DO/202603034727', 0, 5, 67, '2026-03-03 02:47:27', NULL),
(731, 2, 450, 'DO', 'DO/202603034727', 0, 2, 121, '2026-03-03 02:47:27', NULL),
(732, 2, 566, 'DO', 'DO/202603034727', 0, 2, 19, '2026-03-03 02:47:27', NULL),
(733, 2, 565, 'DO', 'DO/202603034727', 0, 1, 32, '2026-03-03 02:47:27', NULL),
(734, 2, 444, 'DO', 'DO/202603034727', 0, 5, 64, '2026-03-03 02:47:27', NULL),
(735, 2, 605, 'DO', 'DO/202603034727', 0, 2, 103, '2026-03-03 02:47:27', NULL),
(736, 2, 415, 'DO', 'DO/202603034727', 0, 5, 3, '2026-03-03 02:47:27', NULL),
(737, 2, 552, 'DO', 'DO/202603035313', 0, 3, 31, '2026-03-03 02:53:13', NULL),
(738, 2, 564, 'DO', 'DO/202603035313', 0, 2, 37, '2026-03-03 02:53:13', NULL),
(739, 2, 418, 'DO', 'DO/202603035313', 0, 3, 122, '2026-03-03 02:53:13', NULL),
(740, 2, 452, 'DO', 'DO/202603035313', 0, 3, 117, '2026-03-03 02:53:13', NULL),
(741, 2, 303, 'DO', 'DO/202603035313', 0, 2, 143, '2026-03-03 02:53:13', NULL),
(742, 2, 316, 'DO', 'DO/202603035313', 0, 12, 561, '2026-03-03 02:53:13', NULL),
(743, 2, 339, 'DO', 'DO/202603035313', 0, 12, 561, '2026-03-03 02:53:13', NULL),
(744, 2, 320, 'DO', 'DO/202603035313', 0, 7, 160, '2026-03-03 02:53:13', NULL),
(745, 2, 344, 'DO', 'DO/202603035313', 0, 7, 160, '2026-03-03 02:53:13', NULL),
(746, 2, 623, 'DO', 'DO/202603035313', 0, 5, 74, '2026-03-03 02:53:13', NULL),
(747, 2, 634, 'DO', 'DO/202603035313', 0, 2, 15, '2026-03-03 02:53:13', NULL),
(748, 2, 432, 'DO', 'DO/202603035313', 0, 2, 4, '2026-03-03 02:53:13', NULL),
(749, 2, 405, 'DO', 'DO/202603035313', 0, 2, 10, '2026-03-03 02:53:13', NULL),
(750, 2, 326, 'DO', 'DO/202603035313', 0, 3, 14, '2026-03-03 02:53:13', NULL),
(751, 2, 348, 'DO', 'DO/202603035313', 0, 3, 14, '2026-03-03 02:53:13', NULL),
(752, 2, 440, 'DO', 'DO/202603035313', 0, 2, 114, '2026-03-03 02:53:13', NULL),
(753, 2, 441, 'DO', 'DO/202603035313', 0, 2, 139, '2026-03-03 02:53:13', NULL),
(754, 2, 627, 'DO', 'DO/202603035313', 0, 3, 72, '2026-03-03 02:53:13', NULL),
(755, 2, 554, 'DO', 'DO/202603035313', 0, 5, 208, '2026-03-03 02:53:13', NULL),
(756, 2, 589, 'VOID_DO', 'DO/202603022836', 1, 0, 2, '2026-03-03 03:03:51', NULL),
(757, 2, 418, 'VOID_DO', 'DO/202603022836', 3, 0, 125, '2026-03-03 03:03:51', NULL),
(758, 2, 568, 'VOID_DO', 'DO/202603022836', 3, 0, 101, '2026-03-03 03:03:51', NULL),
(759, 2, 563, 'VOID_DO', 'DO/202603022836', 2, 0, 14, '2026-03-03 03:03:51', NULL),
(760, 2, 551, 'VOID_DO', 'DO/202603022836', 2, 0, 40, '2026-03-03 03:03:51', NULL),
(761, 2, 428, 'VOID_DO', 'DO/202603022836', 2, 0, 34, '2026-03-03 03:03:51', NULL),
(762, 2, 614, 'VOID_DO', 'DO/202603022836', 2, 0, 389, '2026-03-03 03:03:51', NULL),
(763, 2, 620, 'VOID_DO', 'DO/202603022836', 2, 0, 44, '2026-03-03 03:03:51', NULL),
(764, 2, 576, 'VOID_DO', 'DO/202603022836', 2, 0, 2, '2026-03-03 03:03:51', NULL),
(765, 2, 582, 'VOID_DO', 'DO/202603022836', 1, 0, 1, '2026-03-03 03:03:51', NULL),
(766, 2, 581, 'VOID_DO', 'DO/202603022836', 1, 0, 6, '2026-03-03 03:03:51', NULL),
(767, 2, 589, 'DO', 'DO/202603031128', 0, 1, 1, '2026-03-03 03:11:28', NULL),
(768, 2, 418, 'DO', 'DO/202603031128', 0, 3, 122, '2026-03-03 03:11:28', NULL),
(769, 2, 568, 'DO', 'DO/202603031128', 0, 3, 98, '2026-03-03 03:11:28', NULL),
(770, 2, 564, 'DO', 'DO/202603031128', 0, 2, 35, '2026-03-03 03:11:28', NULL),
(771, 2, 551, 'DO', 'DO/202603031128', 0, 2, 38, '2026-03-03 03:11:28', NULL),
(772, 2, 428, 'DO', 'DO/202603031128', 0, 2, 32, '2026-03-03 03:11:28', NULL),
(773, 2, 614, 'DO', 'DO/202603031128', 0, 2, 387, '2026-03-03 03:11:28', NULL),
(774, 2, 620, 'DO', 'DO/202603031128', 0, 2, 42, '2026-03-03 03:11:28', NULL),
(775, 2, 576, 'DO', 'DO/202603031128', 0, 2, 0, '2026-03-03 03:11:28', NULL),
(776, 2, 582, 'DO', 'DO/202603031128', 0, 1, 0, '2026-03-03 03:11:28', NULL),
(777, 2, 581, 'DO', 'DO/202603031128', 0, 1, 5, '2026-03-03 03:11:28', NULL),
(778, 2, 405, 'DO', 'DO/202603031639', 0, 3, 7, '2026-03-03 03:16:39', NULL),
(779, 2, 556, 'DO', 'DO/202603035926', 0, 5, 57, '2026-03-03 03:59:26', NULL),
(780, 2, 555, 'DO', 'DO/202603035926', 0, 5, 62, '2026-03-03 03:59:26', NULL),
(781, 2, 402, 'DO', 'DO/202603030043', 0, 3, 0, '2026-03-03 04:00:43', NULL),
(782, 2, 303, 'DO', 'DO/202603030043', 0, 3, 140, '2026-03-03 04:00:43', NULL),
(783, 2, 435, 'DO', 'DO/202603030043', 0, 4, 39, '2026-03-03 04:00:43', NULL),
(784, 2, 452, 'DO', 'DO/202603030043', 0, 10, 107, '2026-03-03 04:00:43', NULL),
(785, 2, 410, 'DO', 'DO/202603030043', 0, 2, 0, '2026-03-03 04:00:43', NULL),
(786, 2, 303, 'DO', 'DO/202603030326', 0, 16, 124, '2026-03-03 04:03:26', NULL),
(787, 2, 461, 'DO', 'DO/202603030326', 0, 2, 24, '2026-03-03 04:03:26', NULL),
(788, 2, 462, 'DO', 'DO/202603030326', 0, 8, 103, '2026-03-03 04:03:26', NULL),
(789, 2, 463, 'DO', 'DO/202603030326', 0, 7, 104, '2026-03-03 04:03:26', NULL),
(790, 2, 654, 'DO', 'DO/202603030326', 0, 5, 16, '2026-03-03 04:03:26', NULL),
(791, 2, 555, 'DO', 'DO/202603030326', 0, 11, 51, '2026-03-03 04:03:26', NULL),
(792, 2, 559, 'DO', 'DO/202603030326', 0, 8, 13, '2026-03-03 04:03:26', NULL),
(793, 2, 628, 'DO', 'DO/202603030326', 0, 5, 94, '2026-03-03 04:03:26', NULL),
(794, 2, 627, 'DO', 'DO/202603030326', 0, 10, 62, '2026-03-03 04:03:26', NULL),
(795, 2, 301, 'DO', 'DO/202603030454', 0, 5, 525, '2026-03-03 04:04:54', NULL),
(796, 2, 303, 'DO', 'DO/202603030454', 0, 4, 120, '2026-03-03 04:04:54', NULL),
(797, 2, 455, 'DO', 'DO/202603030454', 0, 10, 69, '2026-03-03 04:04:54', NULL),
(798, 2, 301, 'DO', 'DO/202603030454', 0, 35, 490, '2026-03-03 04:04:54', NULL),
(799, 2, 301, 'DO', 'DO/202603030511', 0, 5, 485, '2026-03-03 04:05:11', NULL),
(800, 2, 303, 'DO', 'DO/202603030554', 0, 3, 117, '2026-03-03 04:05:54', NULL),
(801, 2, 439, 'DO', 'DO/202603030554', 0, 2, 109, '2026-03-03 04:05:54', NULL),
(802, 2, 425, 'DO', 'DO/202603030914', 0, 2, 12, '2026-03-03 04:09:14', NULL),
(803, 2, 442, 'DO', 'DO/202603030914', 0, 5, 79, '2026-03-03 04:09:14', NULL),
(804, 2, 462, 'DO', 'DO/202603030914', 0, 10, 93, '2026-03-03 04:09:14', NULL),
(805, 2, 531, 'DO', 'DO/202603030914', 0, 5, 20, '2026-03-03 04:09:14', NULL),
(806, 2, 554, 'DO', 'DO/202603030914', 0, 4, 204, '2026-03-03 04:09:14', NULL),
(807, 2, 614, 'DO', 'DO/202603030914', 0, 5, 382, '2026-03-03 04:09:14', NULL),
(808, 2, 418, 'DO', 'DO/202603030914', 0, 10, 112, '2026-03-03 04:09:14', NULL),
(809, 2, 301, 'DO', 'DO/202603030914', 0, 10, 475, '2026-03-03 04:09:14', NULL),
(810, 2, 465, 'DO', 'DO/202603031230', 0, 4, 41, '2026-03-03 04:12:30', NULL),
(811, 2, 466, 'DO', 'DO/202603031230', 0, 1, 6, '2026-03-03 04:12:30', NULL),
(812, 2, 554, 'DO', 'DO/202603031230', 0, 2, 202, '2026-03-03 04:12:30', NULL),
(813, 2, 563, 'DO', 'DO/202603031230', 0, 2, 12, '2026-03-03 04:12:30', NULL),
(814, 2, 567, 'DO', 'DO/202603031230', 0, 2, 45, '2026-03-03 04:12:30', NULL),
(815, 2, 302, 'DO', 'DO/202603031230', 0, 3, 37, '2026-03-03 04:12:30', NULL),
(816, 2, 459, 'DO', 'DO/202603031352', 0, 5, 0, '2026-03-03 04:13:52', NULL),
(817, 2, 418, 'DO', 'DO/202603031352', 0, 35, 77, '2026-03-03 04:13:52', NULL),
(818, 2, 567, 'DO', 'DO/202603031352', 0, 4, 41, '2026-03-03 04:13:52', NULL),
(819, 2, 584, 'DO', 'DO/202603031352', 0, 10, 0, '2026-03-03 04:13:52', NULL),
(820, 2, 459, 'VOID_DO', 'DO/202603031352', 5, 0, 5, '2026-03-03 04:54:46', NULL),
(821, 2, 418, 'VOID_DO', 'DO/202603031352', 35, 0, 112, '2026-03-03 04:54:46', NULL),
(822, 2, 567, 'VOID_DO', 'DO/202603031352', 4, 0, 45, '2026-03-03 04:54:46', NULL),
(823, 2, 584, 'VOID_DO', 'DO/202603031352', 10, 0, 10, '2026-03-03 04:54:46', NULL),
(824, 2, 459, 'DO', 'DO/202603035534', 0, 3, 2, '2026-03-03 04:55:34', NULL),
(825, 2, 418, 'DO', 'DO/202603035534', 0, 35, 77, '2026-03-03 04:55:34', NULL),
(826, 2, 567, 'DO', 'DO/202603035534', 0, 4, 41, '2026-03-03 04:55:34', NULL),
(827, 2, 584, 'DO', 'DO/202603035534', 0, 10, 0, '2026-03-03 04:55:34', NULL),
(828, 2, 550, 'DO', 'DO/202603032209', 0, 7, 56, '2026-03-03 06:22:09', NULL),
(829, 2, 301, 'DO', 'DO/202603032441', 0, 1, 474, '2026-03-03 06:24:41', NULL),
(830, 2, 375, 'DO', 'DO/202603032441', 0, 2, 0, '2026-03-03 06:24:41', NULL),
(831, 2, 531, 'DO', 'DO/202603032441', 0, 5, 15, '2026-03-03 06:24:41', NULL),
(832, 2, 538, 'DO', 'DO/202603032441', 0, 10, 0, '2026-03-03 06:24:41', NULL),
(833, 2, 599, 'DO', 'DO/202603032441', 0, 10, 3, '2026-03-03 06:24:41', NULL),
(834, 2, 654, 'DO', 'DO/202603032441', 0, 10, 6, '2026-03-03 06:24:41', NULL),
(835, 2, 653, 'DO', 'DO/202603032441', 0, 1, 0, '2026-03-03 06:24:41', NULL),
(836, 2, 585, 'DO', 'DO/202603032441', 0, 3, 0, '2026-03-03 06:24:41', NULL),
(837, 2, 326, 'DO', 'DO/202603032621', 0, 1, 13, '2026-03-03 06:26:21', NULL),
(838, 2, 348, 'DO', 'DO/202603032621', 0, 1, 13, '2026-03-03 06:26:21', NULL),
(839, 2, 316, 'DO', 'DO/202603032621', 0, 10, 551, '2026-03-03 06:26:21', NULL),
(840, 2, 339, 'DO', 'DO/202603032621', 0, 10, 551, '2026-03-03 06:26:21', NULL),
(841, 2, 344, 'DO', 'DO/202603032621', 0, 10, 150, '2026-03-03 06:26:21', NULL),
(842, 2, 320, 'DO', 'DO/202603032621', 0, 10, 150, '2026-03-03 06:26:21', NULL),
(843, 2, 554, 'DO', 'DO/202603032712', 0, 35, 167, '2026-03-03 06:27:12', NULL),
(844, 2, 652, 'DO', 'DO/202603031127', 0, 2, 0, '2026-03-03 07:11:27', NULL),
(845, 2, 458, 'DO', 'DO/202603031127', 0, 1, 185, '2026-03-03 07:11:27', NULL),
(846, 2, 554, 'DO', 'DO/202603031127', 0, 1, 166, '2026-03-03 07:11:27', NULL),
(847, 2, 316, 'DO', 'DO/202603031127', 0, 2, 549, '2026-03-03 07:11:27', NULL),
(848, 2, 339, 'DO', 'DO/202603031127', 0, 2, 549, '2026-03-03 07:11:27', NULL),
(849, 2, 450, 'DO', 'DO/202603031127', 0, 1, 120, '2026-03-03 07:11:27', NULL),
(850, 2, 303, 'DO', 'DO/202603031127', 0, 5, 112, '2026-03-03 07:11:27', NULL),
(851, 2, 312, 'DO', 'DO/202603031127', 0, 1, 3, '2026-03-03 07:11:27', NULL),
(852, 2, 531, 'DO', 'DO/202603031127', 0, 3, 12, '2026-03-03 07:11:27', NULL),
(853, 2, 654, 'DO', 'DO/202603031127', 0, 1, 5, '2026-03-03 07:11:27', NULL),
(854, 2, 568, 'DO', 'DO/202603031127', 0, 1, 97, '2026-03-03 07:11:27', NULL),
(855, 2, 316, 'DO', 'DO/202603031336', 0, 7, 542, '2026-03-03 07:13:36', NULL),
(856, 2, 339, 'DO', 'DO/202603031336', 0, 7, 542, '2026-03-03 07:13:36', NULL),
(857, 2, 572, 'DO', 'DO/202603031336', 0, 2, 5, '2026-03-03 07:13:36', NULL),
(858, 2, 458, 'DO', 'DO/202603031336', 0, 1, 184, '2026-03-03 07:13:36', NULL),
(859, 2, 477, 'DO', 'DO/202603031336', 0, 2, 1, '2026-03-03 07:13:36', NULL),
(860, 2, 519, 'DO', 'DO/202603031336', 0, 2, 19, '2026-03-03 07:13:36', NULL),
(861, 2, 316, 'DO', 'DO/202603031446', 0, 10, 532, '2026-03-03 07:14:46', NULL),
(862, 2, 339, 'DO', 'DO/202603031446', 0, 10, 532, '2026-03-03 07:14:46', NULL),
(863, 2, 450, 'DO', 'DO/202603031446', 0, 5, 115, '2026-03-03 07:14:46', NULL),
(864, 2, 442, 'DO', 'DO/202603031446', 0, 5, 74, '2026-03-03 07:14:46', NULL),
(865, 2, 316, 'DO', 'DO/202603031139', 0, 13, 519, '2026-03-03 08:11:39', NULL),
(866, 2, 339, 'DO', 'DO/202603031139', 0, 13, 519, '2026-03-03 08:11:39', NULL),
(867, 2, 320, 'DO', 'DO/202603031139', 0, 3, 147, '2026-03-03 08:11:39', NULL),
(868, 2, 344, 'DO', 'DO/202603031139', 0, 3, 147, '2026-03-03 08:11:39', NULL),
(869, 2, 488, 'DO', 'DO/202603031139', 0, 2, 0, '2026-03-03 08:11:39', NULL),
(870, 2, 554, 'DO', 'DO/202603031139', 0, 5, 161, '2026-03-03 08:11:39', NULL),
(871, 2, 616, 'DO', 'DO/202603031139', 0, 5, 31, '2026-03-03 08:11:39', NULL),
(872, 2, 613, 'DO', 'DO/202603031139', 0, 15, 39, '2026-03-03 08:11:39', NULL),
(873, 2, 614, 'DO', 'DO/202603031139', 0, 10, 372, '2026-03-03 08:11:39', NULL),
(874, 2, 564, 'DO', 'DO/202603031428', 0, 3, 32, '2026-03-03 08:14:28', NULL),
(875, 2, 316, 'DO', 'DO/202603031428', 0, 5, 514, '2026-03-03 08:14:28', NULL),
(876, 2, 339, 'DO', 'DO/202603031428', 0, 5, 514, '2026-03-03 08:14:28', NULL),
(877, 2, 435, 'DO', 'DO/202603031428', 0, 3, 36, '2026-03-03 08:14:28', NULL),
(878, 2, 469, 'DO', 'DO/202603031428', 0, 3, 95, '2026-03-03 08:14:28', NULL),
(879, 2, 446, 'DO', 'DO/202603031428', 0, 3, 28, '2026-03-03 08:14:28', NULL),
(880, 2, 565, 'DO', 'DO/202603031428', 0, 5, 27, '2026-03-03 08:14:28', NULL),
(881, 2, 623, 'DO', 'DO/202603031428', 0, 5, 69, '2026-03-03 08:14:28', NULL),
(882, 2, 446, 'DO', 'DO/202603031428', 0, 2, 26, '2026-03-03 08:14:28', NULL),
(883, 2, 439, 'DO', 'DO/202603031428', 0, 2, 107, '2026-03-03 08:14:28', NULL),
(884, 2, 554, 'DO', 'DO/202603031428', 0, 3, 158, '2026-03-03 08:14:28', NULL),
(885, 2, 627, 'DO', 'DO/202603031428', 0, 2, 60, '2026-03-03 08:14:28', NULL),
(886, 2, 439, 'DO', 'DO/202603034155', 0, 36, 71, '2026-03-03 09:41:55', NULL),
(887, 2, 301, 'DO', 'DO/202603034302', 0, 5, 469, '2026-03-03 09:43:02', NULL),
(888, 2, 618, 'DO', 'DO/202603034302', 0, 1, 0, '2026-03-03 09:43:02', NULL),
(889, 2, 573, 'DO', 'DO/202603035925', 0, 1, 1, '2026-03-03 09:59:25', NULL),
(890, 2, 442, 'DO', 'DO/202603032339', 0, 9, 65, '2026-03-03 10:23:39', NULL),
(891, 2, 443, 'DO', 'DO/202603032339', 0, 6, 65, '2026-03-03 10:23:39', NULL),
(892, 2, 450, 'DO', 'DO/202603032339', 0, 10, 105, '2026-03-03 10:23:39', NULL),
(893, 2, 452, 'DO', 'DO/202603032339', 0, 5, 102, '2026-03-03 10:23:39', NULL),
(894, 2, 633, 'DO', 'DO/202603032339', 0, 6, 96, '2026-03-03 10:23:39', NULL),
(895, 2, 302, 'DO', 'DO/202603032339', 0, 37, 0, '2026-03-03 10:23:39', NULL),
(896, 2, 427, 'DO', 'DO/202603032339', 0, 5, 35, '2026-03-03 10:23:39', NULL),
(897, 2, 429, 'DO', 'DO/202603032339', 0, 1, 2, '2026-03-03 10:23:39', NULL),
(898, 2, 468, 'DO', 'DO/202603032339', 0, 5, 25, '2026-03-03 10:23:39', NULL),
(899, 2, 568, 'DO', 'DO/202603033939', 0, 2, 95, '2026-03-03 10:39:39', NULL),
(900, 2, 552, 'DO', 'DO/202603033939', 0, 1, 30, '2026-03-03 10:39:39', NULL),
(901, 2, 300, 'DO', 'DO/202603034527', 0, 20, 112, '2026-03-03 10:45:27', NULL),
(902, 2, 568, 'VOID_DO', 'DO/202603033939', 2, 0, 97, '2026-03-03 11:05:05', NULL),
(903, 2, 552, 'VOID_DO', 'DO/202603033939', 1, 0, 31, '2026-03-03 11:05:05', NULL),
(904, 2, 557, 'DO', 'GR-20260304-0001', 0, 5, 0, '2026-03-04 02:41:32', NULL),
(905, 2, 558, 'DO', 'GR-20260304-0001', 0, 5, 4, '2026-03-04 02:41:32', NULL),
(906, 2, 566, 'DO', 'GR-20260304-0001', 0, 5, 14, '2026-03-04 02:41:32', NULL),
(907, 2, 557, 'VOID_DO', 'GR-20260304-0001', 5, 0, 5, '2026-03-04 02:43:09', NULL),
(908, 2, 558, 'VOID_DO', 'GR-20260304-0001', 5, 0, 9, '2026-03-04 02:43:09', NULL),
(909, 2, 566, 'VOID_DO', 'GR-20260304-0001', 5, 0, 19, '2026-03-04 02:43:09', NULL),
(910, 2, 557, 'DO', 'DO-20260304-0001', 0, 5, 0, '2026-03-04 02:43:55', NULL),
(911, 2, 558, 'DO', 'DO-20260304-0001', 0, 5, 4, '2026-03-04 02:43:55', NULL),
(912, 2, 566, 'DO', 'DO-20260304-0001', 0, 5, 14, '2026-03-04 02:43:55', NULL);

-- --------------------------------------------------------

--
-- Table structure for table `stock_transfers`
--

CREATE TABLE `stock_transfers` (
  `id` int NOT NULL,
  `transfer_number` varchar(50) DEFAULT NULL,
  `from_warehouse_id` int DEFAULT NULL,
  `to_warehouse_id` int DEFAULT NULL,
  `transfer_date` date DEFAULT NULL,
  `created_by` int DEFAULT NULL,
  `created_at` datetime DEFAULT CURRENT_TIMESTAMP
) ENGINE=InnoDB DEFAULT CHARSET=utf8mb4 COLLATE=utf8mb4_0900_ai_ci;

-- --------------------------------------------------------

--
-- Table structure for table `stock_transfer_details`
--

CREATE TABLE `stock_transfer_details` (
  `id` int NOT NULL,
  `transfer_id` int DEFAULT NULL,
  `item_id` int DEFAULT NULL,
  `qty` int DEFAULT NULL,
  `cbm` decimal(10,2) DEFAULT NULL
) ENGINE=InnoDB DEFAULT CHARSET=utf8mb4 COLLATE=utf8mb4_0900_ai_ci;

-- --------------------------------------------------------

--
-- Table structure for table `users`
--

CREATE TABLE `users` (
  `id` int NOT NULL,
  `name` varchar(100) COLLATE utf8mb4_general_ci DEFAULT NULL,
  `username` varchar(100) COLLATE utf8mb4_general_ci DEFAULT NULL,
  `password` varchar(255) COLLATE utf8mb4_general_ci DEFAULT NULL,
  `role` varchar(50) COLLATE utf8mb4_general_ci DEFAULT 'WAREHOUSE',
  `failed_attempts` int DEFAULT '0',
  `lock_until` datetime DEFAULT NULL,
  `created_at` timestamp NOT NULL DEFAULT CURRENT_TIMESTAMP
) ENGINE=InnoDB DEFAULT CHARSET=utf8mb4 COLLATE=utf8mb4_general_ci;

--
-- Dumping data for table `users`
--

INSERT INTO `users` (`id`, `name`, `username`, `password`, `role`, `failed_attempts`, `lock_until`, `created_at`) VALUES
(2, 'Administrator', 'admin', '$2y$10$ly5ai6wOAvDbefLkraH1GeSPuQMJBqsOW8nAAgr8DZCn4uED9TSD6', 'ADMIN', 0, NULL, '2026-02-25 12:41:58'),
(3, 'Wahyu', 'why_20', '$2y$10$SzbWGvI7WUG7StSJUk8b1esA3KZcjV0mrqvw9FxW2E2g8J25Y4T8W', 'ADMIN', 0, NULL, '2026-02-26 02:21:08'),
(4, 'Imam', 'imam_kbr', '$2y$10$dR5byTbfF74fkMm3GyF5teMY59LtciQriFvEfOPC3ytyK5mtHf1fy', 'USER', 0, NULL, '2026-02-26 08:22:14'),
(5, 'Ika', '1K004', '$2y$10$uXeR0R/SjuD5GnmcpPcvGOd1sUXCFrqq.dg1FFlqj2Z4eTECNwp62', 'ADMIN', 0, NULL, '2026-02-26 08:39:31'),
(6, 'Edo', 'e_do', '$2y$10$gPObF6dxz84NOM.bCSsoaObFon1nwIhtS.C0G6WRRtzZEy7NtDmRO', 'ADMIN', 0, NULL, '2026-02-27 04:34:24'),
(7, 'Andre', 'and_dre', '$2y$10$ZaVaxX1xWA7lnHeAAPVcHur.XLLxJ3Vp1nlCunGKxqPhSPyrd36mK', 'ADMIN', 0, NULL, '2026-02-27 04:41:54');

-- --------------------------------------------------------

--
-- Table structure for table `warehouses`
--

CREATE TABLE `warehouses` (
  `id` int NOT NULL,
  `name` varchar(100) COLLATE utf8mb4_general_ci NOT NULL,
  `address` text COLLATE utf8mb4_general_ci,
  `capacity_cbm` decimal(12,2) DEFAULT '0.00',
  `is_active` tinyint(1) DEFAULT '1',
  `is_deleted` tinyint(1) DEFAULT '0',
  `created_at` datetime DEFAULT CURRENT_TIMESTAMP,
  `deleted_at` datetime DEFAULT NULL
) ENGINE=InnoDB DEFAULT CHARSET=utf8mb4 COLLATE=utf8mb4_general_ci;

--
-- Dumping data for table `warehouses`
--

INSERT INTO `warehouses` (`id`, `name`, `address`, `capacity_cbm`, `is_active`, `is_deleted`, `created_at`, `deleted_at`) VALUES
(1, 'BR-1501', 'CANDI', '2420.00', 1, 0, '2026-02-26 15:43:39', NULL),
(2, 'DS-1501', 'CANDI', '2724.00', 1, 0, '2026-02-26 15:44:16', NULL);

--
-- Indexes for dumped tables
--

--
-- Indexes for table `activity_logs`
--
ALTER TABLE `activity_logs`
  ADD PRIMARY KEY (`id`),
  ADD KEY `user_id` (`user_id`);

--
-- Indexes for table `customers`
--
ALTER TABLE `customers`
  ADD PRIMARY KEY (`id`),
  ADD UNIQUE KEY `customer_code` (`customer_code`);

--
-- Indexes for table `delivery_orders`
--
ALTER TABLE `delivery_orders`
  ADD PRIMARY KEY (`id`),
  ADD UNIQUE KEY `do_number` (`do_number`),
  ADD KEY `warehouse_id` (`warehouse_id`),
  ADD KEY `fk_do_customer` (`customer_id`);

--
-- Indexes for table `delivery_order_details`
--
ALTER TABLE `delivery_order_details`
  ADD PRIMARY KEY (`id`),
  ADD KEY `delivery_order_id` (`do_id`),
  ADD KEY `item_id` (`item_id`);

--
-- Indexes for table `goods_receipts`
--
ALTER TABLE `goods_receipts`
  ADD PRIMARY KEY (`id`),
  ADD UNIQUE KEY `gr_number` (`gr_number`),
  ADD KEY `warehouse_id` (`warehouse_id`),
  ADD KEY `manifest_id` (`manifest_id`);

--
-- Indexes for table `goods_receipt_details`
--
ALTER TABLE `goods_receipt_details`
  ADD PRIMARY KEY (`id`),
  ADD KEY `goods_receipt_id` (`gr_id`),
  ADD KEY `item_id` (`item_id`);

--
-- Indexes for table `items`
--
ALTER TABLE `items`
  ADD PRIMARY KEY (`id`),
  ADD UNIQUE KEY `item_code` (`item_code`);

--
-- Indexes for table `manifests`
--
ALTER TABLE `manifests`
  ADD PRIMARY KEY (`id`),
  ADD UNIQUE KEY `manifest_number` (`manifest_number`);

--
-- Indexes for table `number_sequences`
--
ALTER TABLE `number_sequences`
  ADD PRIMARY KEY (`id`),
  ADD UNIQUE KEY `module` (`module`);

--
-- Indexes for table `opening_batches`
--
ALTER TABLE `opening_batches`
  ADD PRIMARY KEY (`id`);

--
-- Indexes for table `period_locks`
--
ALTER TABLE `period_locks`
  ADD PRIMARY KEY (`id`),
  ADD UNIQUE KEY `unique_period` (`year`,`month`);

--
-- Indexes for table `stocks`
--
ALTER TABLE `stocks`
  ADD PRIMARY KEY (`id`),
  ADD UNIQUE KEY `unique_stock` (`warehouse_id`,`item_id`),
  ADD KEY `item_id` (`item_id`);

--
-- Indexes for table `stock_cards`
--
ALTER TABLE `stock_cards`
  ADD PRIMARY KEY (`id`),
  ADD KEY `idx_stock_cards_date` (`created_at`),
  ADD KEY `idx_stock_cards_item` (`item_id`),
  ADD KEY `idx_stock_cards_wh` (`warehouse_id`);

--
-- Indexes for table `stock_transfers`
--
ALTER TABLE `stock_transfers`
  ADD PRIMARY KEY (`id`);

--
-- Indexes for table `stock_transfer_details`
--
ALTER TABLE `stock_transfer_details`
  ADD PRIMARY KEY (`id`);

--
-- Indexes for table `users`
--
ALTER TABLE `users`
  ADD PRIMARY KEY (`id`),
  ADD UNIQUE KEY `username` (`username`);

--
-- Indexes for table `warehouses`
--
ALTER TABLE `warehouses`
  ADD PRIMARY KEY (`id`);

--
-- AUTO_INCREMENT for dumped tables
--

--
-- AUTO_INCREMENT for table `activity_logs`
--
ALTER TABLE `activity_logs`
  MODIFY `id` int NOT NULL AUTO_INCREMENT, AUTO_INCREMENT=124;

--
-- AUTO_INCREMENT for table `customers`
--
ALTER TABLE `customers`
  MODIFY `id` int NOT NULL AUTO_INCREMENT, AUTO_INCREMENT=52;

--
-- AUTO_INCREMENT for table `delivery_orders`
--
ALTER TABLE `delivery_orders`
  MODIFY `id` int NOT NULL AUTO_INCREMENT, AUTO_INCREMENT=53;

--
-- AUTO_INCREMENT for table `delivery_order_details`
--
ALTER TABLE `delivery_order_details`
  MODIFY `id` int NOT NULL AUTO_INCREMENT, AUTO_INCREMENT=279;

--
-- AUTO_INCREMENT for table `goods_receipts`
--
ALTER TABLE `goods_receipts`
  MODIFY `id` int NOT NULL AUTO_INCREMENT, AUTO_INCREMENT=20;

--
-- AUTO_INCREMENT for table `goods_receipt_details`
--
ALTER TABLE `goods_receipt_details`
  MODIFY `id` int NOT NULL AUTO_INCREMENT, AUTO_INCREMENT=159;

--
-- AUTO_INCREMENT for table `items`
--
ALTER TABLE `items`
  MODIFY `id` int NOT NULL AUTO_INCREMENT, AUTO_INCREMENT=656;

--
-- AUTO_INCREMENT for table `manifests`
--
ALTER TABLE `manifests`
  MODIFY `id` int NOT NULL AUTO_INCREMENT, AUTO_INCREMENT=21;

--
-- AUTO_INCREMENT for table `number_sequences`
--
ALTER TABLE `number_sequences`
  MODIFY `id` int NOT NULL AUTO_INCREMENT;

--
-- AUTO_INCREMENT for table `opening_batches`
--
ALTER TABLE `opening_batches`
  MODIFY `id` int NOT NULL AUTO_INCREMENT, AUTO_INCREMENT=4;

--
-- AUTO_INCREMENT for table `period_locks`
--
ALTER TABLE `period_locks`
  MODIFY `id` int NOT NULL AUTO_INCREMENT;

--
-- AUTO_INCREMENT for table `stocks`
--
ALTER TABLE `stocks`
  MODIFY `id` int NOT NULL AUTO_INCREMENT, AUTO_INCREMENT=474;

--
-- AUTO_INCREMENT for table `stock_cards`
--
ALTER TABLE `stock_cards`
  MODIFY `id` int NOT NULL AUTO_INCREMENT, AUTO_INCREMENT=913;

--
-- AUTO_INCREMENT for table `stock_transfers`
--
ALTER TABLE `stock_transfers`
  MODIFY `id` int NOT NULL AUTO_INCREMENT;

--
-- AUTO_INCREMENT for table `stock_transfer_details`
--
ALTER TABLE `stock_transfer_details`
  MODIFY `id` int NOT NULL AUTO_INCREMENT;

--
-- AUTO_INCREMENT for table `users`
--
ALTER TABLE `users`
  MODIFY `id` int NOT NULL AUTO_INCREMENT, AUTO_INCREMENT=8;

--
-- AUTO_INCREMENT for table `warehouses`
--
ALTER TABLE `warehouses`
  MODIFY `id` int NOT NULL AUTO_INCREMENT, AUTO_INCREMENT=3;

--
-- Constraints for dumped tables
--

--
-- Constraints for table `activity_logs`
--
ALTER TABLE `activity_logs`
  ADD CONSTRAINT `activity_logs_ibfk_1` FOREIGN KEY (`user_id`) REFERENCES `users` (`id`);

--
-- Constraints for table `delivery_orders`
--
ALTER TABLE `delivery_orders`
  ADD CONSTRAINT `delivery_orders_ibfk_1` FOREIGN KEY (`warehouse_id`) REFERENCES `warehouses` (`id`),
  ADD CONSTRAINT `fk_do_customer` FOREIGN KEY (`customer_id`) REFERENCES `customers` (`id`);

--
-- Constraints for table `delivery_order_details`
--
ALTER TABLE `delivery_order_details`
  ADD CONSTRAINT `delivery_order_details_ibfk_1` FOREIGN KEY (`do_id`) REFERENCES `delivery_orders` (`id`) ON DELETE CASCADE,
  ADD CONSTRAINT `delivery_order_details_ibfk_2` FOREIGN KEY (`item_id`) REFERENCES `items` (`id`);

--
-- Constraints for table `goods_receipts`
--
ALTER TABLE `goods_receipts`
  ADD CONSTRAINT `goods_receipts_ibfk_1` FOREIGN KEY (`warehouse_id`) REFERENCES `warehouses` (`id`),
  ADD CONSTRAINT `goods_receipts_ibfk_2` FOREIGN KEY (`manifest_id`) REFERENCES `manifests` (`id`);

--
-- Constraints for table `goods_receipt_details`
--
ALTER TABLE `goods_receipt_details`
  ADD CONSTRAINT `goods_receipt_details_ibfk_1` FOREIGN KEY (`gr_id`) REFERENCES `goods_receipts` (`id`) ON DELETE CASCADE,
  ADD CONSTRAINT `goods_receipt_details_ibfk_2` FOREIGN KEY (`item_id`) REFERENCES `items` (`id`);

--
-- Constraints for table `stocks`
--
ALTER TABLE `stocks`
  ADD CONSTRAINT `stocks_ibfk_1` FOREIGN KEY (`warehouse_id`) REFERENCES `warehouses` (`id`),
  ADD CONSTRAINT `stocks_ibfk_2` FOREIGN KEY (`item_id`) REFERENCES `items` (`id`);

--
-- Constraints for table `stock_cards`
--
ALTER TABLE `stock_cards`
  ADD CONSTRAINT `stock_cards_ibfk_1` FOREIGN KEY (`warehouse_id`) REFERENCES `warehouses` (`id`),
  ADD CONSTRAINT `stock_cards_ibfk_2` FOREIGN KEY (`item_id`) REFERENCES `items` (`id`);
COMMIT;

/*!40101 SET CHARACTER_SET_CLIENT=@OLD_CHARACTER_SET_CLIENT */;
/*!40101 SET CHARACTER_SET_RESULTS=@OLD_CHARACTER_SET_RESULTS */;
/*!40101 SET COLLATION_CONNECTION=@OLD_COLLATION_CONNECTION */;
